Customer Name,Project Name,Project Manager,Start Date,Due Date,Projected End Date,Done Date,Status,Status Category,RAG Status,Current Project Status,Phase,Engineer,Value Engineer,Project Tags,Brand,Cash Value,GCX Project URL,Salesforce Account URL,GCX Created Date,GCX Updated Date,SF Case Number,SF Implementation Phase,SF Case Opened,Expected Go-Live Date,Actual Go-Live Date,Implementing Channel Partner,Segment,Region,Country,Industry,Subindustry,Contracted DM Seats,Contracted ARR (USD),Contracted AI ARR (USD),Live DM Seats,Live ARR (USD),Live/Contracted ARR Ratio,Bundle Owned,AI Product Owned,Account Owner,Account O/CSM,Renewal Date,Previous DMS,Contract Status,Contract Platform,AI Renewal Date,AI ARR,License Count,Top 50,PM Active Override
Costello Sury & Rooney,Costello Sury & Rooney AI PS Onboarding,Christopher Snead,00:00.0,00:00.0,00:00.0,,Late,LATE,Red,"Unresponsive after what appears to be a lot of work and many meetings in 2024-2025, client put things on hold 'until ready to begin' and has not been responsive since. Power BI indicates good PB use but low Assistant enablement.Probably ready to close.","Initiating, Building an App, Deploying Studio Apps, Providing Hypercare, Customer Retention, Going Live, Closing (Handing Off)",Nikki Patel,,"LC: Christopher Snead, ADE: Nikki Patel, ndMAX App Builder Enterprise, Partner Eligible",,10560,https://netdocumentsps.guidecx.com/app/projects/babeedb4-59fe-493a-ab6d-aa290eebb294/plan,http://netdocuments.lightning.force.com/lightning/r/Account/001Dm0000037oakIAA/view,38:41.0,56:38.0,389969.0,Project Complete,7/27/2023 11:32 AM,11/27/2023,12/6/2023,Element Technologies LLC,Mid-Market,NORAM,United States,Legal,Law Firms & Legal Services,22.0,43562.64,21120.0,22.0,43562.64,1.0,Core DMS (ND200),ndMAX Enterprise (AI300),Zach Carroll,Kaytlin Ochs,2026-12-01,Worldox,Active,NetDocuments,2026-12-01,21120.0,22.0,False,False
Wigge & Partners Advokat KB,Wigge & Partners Advokat KB AI PS Onboarding,Amir Mustafa,00:00.0,,,,On Time,IN_PROGRESS,Red,Project Unassigned - TBD,Project Plan,,,Unassigned,,30240,https://netdocumentsps.guidecx.com/app/projects/a54e5e21-1a2c-4cdb-8fd3-b6680fe140fe/plan,https://netdocuments.lightning.force.com/lightning/r/Account/001a000001bMM1aAAG/view,58:44.0,00:38.0,,,,,,,Mid-Market,EMEA,Sweden,Legal,Law Firms & Legal Services,63.0,93766.68,30240.0,63.0,93766.68,1.0,Starter DMS (ND100),ndMAX Enterprise (AI300),Josh White,Margo Harris,2026-10-06,Folders/Shared Drive/None,Active,NetDocuments,2026-10-06,30240.0,63.0,False,False
DingemansVanderKind,DingemansVanderKind AI PS Onboarding,Amir Mustafa,00:00.0,,,,On Time,IN_PROGRESS,Red,,Project Plan,,,Unassigned,,9498,https://netdocumentsps.guidecx.com/app/projects/bf729c1b-c223-45db-a4b2-a01fdd273223/plan,https://netdocuments.lightning.force.com/lightning/r/Account/001Qj00000AKCmfIAH/view,51:41.0,54:50.0,567284.0,Production Rollout,10/27/2025 12:13 PM,3/2/2026,,Cintelli Limited,Small-Market,EMEA,Netherlands,Legal,Law Firms & Legal Services,22.0,28903.430000000004,10447.720000000001,22.0,28903.430000000004,1.0,Core DMS (ND200),ndMAX Enterprise (AI300),Callum Chada,Margo Harris,2028-03-01,Sharepoint,Active,NetDocuments,2028-03-01,9497.93,20.0,False,False
Anderson Lloyd,Anderson Lloyd AI PS Onboarding,Staci VanderPol,00:00.0,00:00.0,00:00.0,,On Time,IN_PROGRESS,Green,,"5 - Hypercare & Closing, 2 - Deploying Assistant & Apps (S), 3 - Building Solutions (SGP), 4 - Training (SGP), 1 - Initiating (BSG), Closing (Handing Off)",Adam Scott,,"LC: Staci VanderPol, ADE: Adam Scott",,96239,https://netdocumentsps.guidecx.com/app/projects/83ceb53d-675f-4878-ae44-5316cfd65c80/plan,https://netdocuments.lightning.force.com/lightning/r/Opportunity/006Qj00000i0ShLIAU/view,36:57.0,14:57.0,,,,,,,,,,,,,,,,,,,,,,,,,,,,,False,True
Maddin Hauser Roth & Heller P.C.,Maddin Hauser Roth & Heller P.C. AI PS Onboarding,Christopher Snead,00:00.0,,00:00.0,,On Time,IN_PROGRESS,Green,Met with Sarah Styles on 4/2/26 to set up AI Assistant training,Enterprise ndMAX Implementation,Emilio Campos,,"LC: Christopher Snead, Unassigned, ADE: Emilio Campos",,54488,https://netdocumentsps.guidecx.com/app/projects/396a4747-f25a-48b1-acc9-fa9fb3c69061/plan,https://netdocuments.lightning.force.com/lightning/r/Account/0013000000zpQbpAAE/view,01:19.0,06:51.0,560416.0,Project Complete,9/30/2025 5:45 PM,1/12/2026,1/12/2026,"CTLogic, LLC",Large-Market,NORAM,United States,Legal,[No data],118.0,122087.52000000002,54487.68,118.0,54385.2,0.445460764540061,Core DMS (ND200),ndMAX Enterprise (AI300),Craig Hirsty,Margo Harris,2029-03-31,Worldox,Active,NetDocuments,2029-03-31,54487.68000000001,118.0,False,True
Hogan Lovells US LLP,Hogan Lovells LLP AI PS Onboarding,Staci VanderPol,00:00.0,00:00.0,00:00.0,,On Time,IN_PROGRESS,Green,3/23/26: Assigned to Staci as LC ,"1 - Initiating (BSG), 3 - Building Solutions (SGP), 4 - Training (SGP), 2 - Deploying Assistant & Apps (GP), 5 - Hypercare & Closing",,,"ADE: Greg Hartley, LC: Staci VanderPol",,162396,https://netdocumentsps.guidecx.com/app/projects/52266fae-6812-45b3-91fb-9b6fef55bcce/plan,https://netdocuments.lightning.force.com/lightning/r/Account/00130000015KKhmAAG/view,02:50.0,23:39.0,11269.0,Project Complete,12/22/2017 2:33 PM,4/30/2023,10/12/2022,NetDocuments Professional Services,Strategic,EMEA,United Kingdom,Legal,Education,7301.0,1981711.44,155304.0,7301.0,1981711.44,1.0,[DM standalone],App Builder (AI200),Michael Pennington,Brian Hall,2027-01-01,iManage_Unknown,Active,NetDocuments,2027-01-01,162396.0,300.0,True,True
Clairfort,Clairfort AIPS Onboarding,Christopher Snead,00:00.0,00:00.0,00:00.0,,On Hold,ON_HOLD,Amber,"4/3/26: Sent another email to get implementation started, waiting for response","4 - Training (SGP), 5 - Hypercare & Closing, 1 - Initiating (BSG), 2 - Deploying Assistant & Apps (S)",David Kero,,"ndMAX App Builder Enterprise, ADE: David Kero, LC: Christopher Snead",,15696,https://netdocumentsps.guidecx.com/app/projects/15227de8-ec0b-470d-81de-75ffb46415d1/plan,https://netdocuments.lightning.force.com/lightning/r/Account/001Qj00000AKBJRIA5/view,43:44.0,59:25.0,546125.0,Project Complete,7/21/2025 9:50 AM,1/26/2026,1/27/2026,Xinno,Mid-Market,EMEA,Netherlands,Legal,Law Firms & Legal Services,31.0,38050.86,16244.0,31.0,38050.86,1.0,Legacy bundle,ndMAX Enterprise (AI300),Harry Wheeler,Margo Harris,2026-12-31,Folders/Shared Drive/None,Active,NetDocuments,2026-12-31,15720.0,30.0,False,False
Winckworth Sherwood,Winckworth Sherwood AI PS Onboarding,Stephanie Klahre,00:00.0,00:00.0,00:00.0,,On Time,IN_PROGRESS,Green,4/03/26 - No change since last update. Client working with Value team on AI Profiling and with Adam on Plot Sales Agreement App. - SK,Enterprise ndMAX Implementation,Adam Scott,Kyle Kissell,"LC: Stephanie Klahre, ADE: Adam Scott",,208792,https://netdocumentsps.guidecx.com/app/projects/f9c2a680-c6c3-4fa9-acec-b148006356d6/plan,https://netdocuments.lightning.force.com/lightning/r/Account/001a000001khFSCAA2/view,12:53.0,15:07.0,10852.0,Project Complete,1/16/2017 6:21 PM,12/4/2017,,Baskerville Drummond LLP,Strategic,EMEA,United Kingdom,Legal,Law Firms & Legal Services,405.0,556887.9,204120.01,398.0,327430.01,0.5879639510932092,Core DMS (ND200),ndMAX Enterprise (AI300),Josh White,Lydia Morris,2029-07-18,Sharepoint,Pending,NetDocuments,2026-07-18,30648.760000000002,,False,False
Accuro Fiduciary Services Limited,Accuro Fiduciary Services Limited AI PS Onboarding,Stephanie Klahre,00:00.0,00:00.0,00:00.0,,On Hold,ON_HOLD,Green,4/03/26 - DM went live November 2025. Email sent to CSM Lydia Morris to gauge client readiness before initiating AI implementation. - SK,"Closing (Handing Off), Initiating, Building Solutions, Going Live, Providing Hypercare, Deploying Studio Apps",Greg Hartley,,"LC: Stephanie Klahre, ndMAX App Builder Enterprise, ADE: Greg Hartley, TOP 10",,53827,https://netdocumentsps.guidecx.com/app/projects/a906b051-b9ef-49fd-be1f-1e339c7adabb/plan,https://netdocuments.lightning.force.com/lightning/r/Account/001Qj00000LSxqgIAD/view,13:44.0,57:27.0,500852.0,Project Complete,1/6/2025 4:05 AM,11/17/2025,11/17/2025,Verlata Consulting,Strategic,EMEA,United Kingdom,Legal,[No data],227.0,193291.05000000002,61532.42,227.0,193291.05000000002,1.0,Legacy bundle,AI Assistant (AI100),Mike Creffield,Lydia Morris,2026-06-01,Sharepoint,Active,NetDocuments,2026-03-01,61532.42,,False,False
Puyallup Tribe of Indians,Puyallup Tribe of Indians AI PS Onboarding,Christopher Snead,00:00.0,00:00.0,00:00.0,,Late,LATE,Red,"DMS was never up and running, the last communication from client inquires ""if we did not renew, what steps would need to be taken?""","Initiating, Customer Retention",Emilio Campos,,"PatternBuilder (w/o AI), LC: Christopher Snead, ADE: David Kero",,21058,https://netdocumentsps.guidecx.com/app/projects/685438b8-cbce-498b-af6e-858659fa6d77/plan,https://netdocuments.lightning.force.com/lightning/r/Account/001Dm00000BZq5OIAT/view,05:30.0,59:46.0,420254.0,Project Complete,12/21/2023 1:50 PM,11/5/2024,12/4/2024,Harbor (formerly Encoretech Inc.),Public Sector,NORAM,United States,Government (State/Local),[No data],23.0,26821.68,,23.0,26821.68,1.0,Legacy bundle,[No AI products owned],Tyler Brown,Gayle Raymond,2026-06-29,Folders/Shared Drive/None,Active,NetDocuments,,,,False,False
Brooks Pierce,Brooks Pierce AI PS Onboarding,Staci VanderPol,00:00.0,00:00.0,00:00.0,,On Time,IN_PROGRESS,Green,3/24/25: Weekly meeting every Wednesday. Customer sent over list of 20 use cases. NP figuring out which use cases are possible. NP enabling PB. AM ,"2 - Deploying Assistant & Apps (GP), Closing (Handing Off), 1 - Initiating (BSG), 3 - Building Solutions (SGP), 4 - Training (SGP), 5 - Hypercare & Closing",Nikki Patel,,"ADE: Nikki Patel, ndMAX App Builder Enterprise, ADE: Jamesson Keese, LC: Staci VanderPol",,114720,https://netdocumentsps.guidecx.com/app/projects/30183a4b-c664-414b-b0b8-eacc8a135265/plan,https://netdocuments.lightning.force.com/lightning/r/Opportunity/006Qr00000YpS8OIAV/view,48:30.0,15:49.0,,,,,,,,,,,,,,,,,,,,,,,,,,,,,False,True
Janson,Janson AI PS Onboarding,Amir Mustafa,00:00.0,,,,On Time,IN_PROGRESS,Red,Project Unassigned - TBD,Project Plan,,,Unassigned,,64755,https://netdocumentsps.guidecx.com/app/projects/3e331f86-f2fd-4c36-98e4-2dd6dd766248/plan,https://netdocuments.lightning.force.com/lightning/r/Account/001Qj00000M2Y9oIAF/view,04:24.0,31:10.0,580140.0,Initiation,12/23/2025 10:04 AM,10/1/2026,,Harbor (formerly Encoretech Inc.),Mid-Market,EMEA,Belgium,Legal,Law Firms & Legal Services,132.0,140611.86,63724.14,1.0,,0.0,Core DMS (ND200),ndMAX Enterprise (AI300),Harry Wheeler,[No data],2029-12-01,Kleos,Pending,NetDocuments,2029-12-01,63724.14,132.0,False,False
Lewis Silkin LLP,Lewis Silkin LLP AI PS Onboarding,Stephanie Klahre,00:00.0,00:00.0,00:00.0,,Late,LATE,Green,4/03/26 - No change since last update. Customer is waiting on Semantic Search and MCP release. - SK,"Providing Hypercare, Training/Co-Building, Building Solutions, Closing (Handing Off), Deploying Studio Apps, Going Live, Initiating",Greg Hartley,,"ADE: Greg Hartley, ndMAX App Builder Enterprise, TOP 10, LC: Stephanie Klahre",,185369,https://netdocumentsps.guidecx.com/app/projects/098d35c5-e199-468b-afe6-2e7ec063b349/plan,https://netdocuments.lightning.force.com/lightning/r/Account/001a000001Y6CuOAAV/view,31:28.0,56:09.0,15174.0,Project Complete,9/20/2018 12:16 PM,2/10/2020,2/10/2023,Nikec Solutions,Strategic,EMEA,United Kingdom,Legal,Law Firms & Legal Services,834.0,784321.2799999999,387825.95,834.0,535459.95,0.6827048604367842,Core DMS (ND200),ndMAX Enterprise (AI300),Josh White,Lydia Morris,2028-12-20,Folders/Shared Drive/None,Active,NetDocuments,2028-12-20,380850.65,819.0,True,False
"Stark & Stark, A Professional Corporation","Stark & Stark, A Professional Corporation AI PS Onboarding",Staci VanderPol,00:00.0,00:00.0,00:00.0,,Late,LATE,Green,,"Building an App, Deploying Studio Apps, Going Live, Providing Hypercare, Training/Co-Building, Initiating, Closing (Handing Off)",Brandon Hill,,"ADE: Brandon Hill, ndMAX App Builder Enterprise, LC: Staci VanderPol, TOP 10",,126900,https://netdocumentsps.guidecx.com/app/projects/f9fb88b3-42c0-46a6-9209-bb9784f7e4a3/plan,https://netdocuments.lightning.force.com/lightning/r/Account/0013000000zpQJJAA2/view,50:34.0,56:22.0,,,,,,,Strategic,NORAM,United States,Legal,Law Firms & Legal Services,300.0,295920.0,129600.0,300.0,295920.0,1.0,Legacy bundle,ndMAX Enterprise (AI300),TJ Sumner,McKenzie Mayer,2027-02-01,NetDocuments,Active,NetDocuments,2026-02-01,129600.0,300.0,True,True
Marsden Woods Inskip Smith,Marsden Woods Inskip Smith AI PS Onboarding,Staci VanderPol,00:00.0,00:00.0,00:00.0,,Late,LATE,Green,,Barebones Project Plan,Brandon Hill,,"LC: Staci VanderPol, ADE: Brandon Hill, PatternBuilder (w/o AI)",,12868,https://netdocumentsps.guidecx.com/app/projects/5fc7f969-3c77-425f-becc-f3d6e43e835b/plan,https://netdocuments.lightning.force.com/lightning/r/Account/0014Q00002KzQQNQA3/view,35:28.0,57:20.0,17719.0,Project Complete,5/30/2021 8:32 PM,10/11/2021,,Verlata Consulting,Mid-Market,APAC,New Zealand,Legal,Law Firms & Legal Services,46.0,81833.89000000001,26253.28,46.0,81833.89000000001,1.0,Core DMS (ND200),ndMAX Enterprise (AI300),Matt Rupp,Martin Horton,2026-08-03,Infinity,Active,NetDocuments,2026-08-03,26253.28,46.0,False,True
Results Legal,Results Legal AI PS Onboarding,Amir Mustafa,00:00.0,,,,On Time,IN_PROGRESS,Red,Project Unassigned - TBD,Project Plan,,,Unassigned,,25683,https://netdocumentsps.guidecx.com/app/projects/625fd643-8a4f-49e8-900a-5c4e7e4248f1/plan,https://netdocuments.lightning.force.com/lightning/r/Account/001Dm00000M8p8LIAR/view,01:13.0,01:13.0,560379.0,Design and Build,9/30/2025 5:01 PM,5/25/2026,,Verlata Consulting,Mid-Market,APAC,Australia,Legal,Law Firms & Legal Services,45.0,50557.01,25682.55,45.0,50557.01,1.0,Core DMS (ND200),ndMAX Enterprise (AI300),Christina Murphy,Gayle Raymond,2028-03-01,Practice Evolve,Active,NetDocuments,2028-03-01,25682.550000000003,45.0,False,False
"Chevez, Ruiz, Zamarripa y Cía SC","Chevez, Ruiz, Zamarripa y Cía SC AI PS Onboarding",Stephanie Klahre,00:00.0,00:00.0,00:00.0,,Late,LATE,Amber,4/03/26 - Discussed sandbox options for AI Profiling pilot with Erik Vazquez and Nikki. Email sent to client with two setup options. Waiting for client preference. - SK,"Initiating, Building an App, Providing Hypercare, Closing (Handing Off), Going Live",Nikki Patel,Chris Fernelius,"ADE: Nikki Patel, ndMAX AI Assistant, LC: Stephanie Klahre, ndMAX App Builder (Non-Enterprise), TOP 10",,67199,https://netdocumentsps.guidecx.com/app/projects/a4bda363-e225-4380-82e5-bb6866dc4d61/plan,https://netdocuments.lightning.force.com/lightning/r/Account/0010c000022vzvzAAA/view,23:32.0,56:23.0,500032.0,Design and Build,12/31/2024 8:20 PM,3/31/2025,,NetDocuments AI Professional Services,Strategic,LATAM,Mexico,Legal,Law Firms & Legal Services,662.0,230925.6,192000.0,662.0,137325.6,0.5946746484582047,[DM standalone],ndMAX Enterprise (AI300),Lucas Germenink,Erik Vázquez Mosqueira,2027-07-01,Folders/Shared Drive/None,Active,NetDocuments,2027-07-01,33555.6,205.0,False,False
Wallmans Lawyers,Wallmans Lawyers AI PS Onboarding,Staci VanderPol,00:00.0,00:00.0,00:00.0,,Late,LATE,Amber,,"Going Live, Closing (Handing Off), Providing Hypercare, Building Solutions, Deploying Studio Apps, Initiating",Brandon Hill,,"ADE: Brandon Hill, TOP 10, LC: Staci VanderPol, ndMAX App Builder Enterprise",,42894,https://netdocumentsps.guidecx.com/app/projects/8c611f3d-ea71-4aa1-9678-14a3e0c9a52a/plan,https://netdocuments.lightning.force.com/lightning/r/Account/0014Q00002KwphgQAB/view,40:51.0,57:39.0,458384.0,Project Complete,5/27/2024 2:20 AM,3/3/2025,3/10/2025,Verlata Consulting,Mid-Market,APAC,Australia,Legal,Law Firms & Legal Services,87.0,83075.76,47579.75,87.0,83075.76,1.0,Legacy bundle,ndMAX Enterprise (AI300),Azan Iwasaki,Martin Horton,2026-09-30,iManage On-Prem,Active,NetDocuments,2026-09-30,46485.96,85.0,False,True
Schofield Sweeney,Schofield Sweeney AI PS Onboarding,Staci VanderPol,00:00.0,,,,On Time,IN_PROGRESS,Green,,Project Plan,Andrew Mecham,,"ndMAX AI Assistant, ADE: Andrew Mecham, LC: Staci VanderPol, ndMAX App Builder Enterprise",,91720,https://netdocumentsps.guidecx.com/app/projects/507f0e09-687f-4e1b-baf9-0fe0d791259b/plan,https://netdocuments.lightning.force.com/lightning/r/Account/0014Q00002GaVnXQAV/view,58:50.0,42:20.0,481085.0,Project Complete,9/25/2024 11:50 AM,4/7/2025,5/16/2025,OneAdvanced Limited,Strategic,EMEA,United Kingdom,Legal,[No data],168.0,195693.25999999998,87830.82999999999,167.0,107220.39,0.5479002700450696,Legacy bundle,ndMAX Enterprise (AI300),Mike Creffield,Lydia Morris,2027-09-25,P4W,Pending,NetDocuments,,,,False,True
"Analysis Group, Inc","Analysis Group, Inc AI PS Onboarding",Stephanie Klahre,00:00.0,00:00.0,00:00.0,,On Time,IN_PROGRESS,Green,4/03/26 - Client raised concerns about AI Profiling limitations. Call with Kyle Kissell and Steve Yates scheduled for today to discuss workarounds. Emilio sent profiling plan. - SK,"2 - Deploying Assistant & Apps (GP), 4 - Training (SGP), 3 - Building Solutions (SGP), 5 - Hypercare & Closing, 1 - Initiating (BSG)",Emilio Campos,,"ADE: Emilio Campos, LC: Stephanie Klahre",,54000,https://netdocumentsps.guidecx.com/app/projects/0d8c98db-73c8-4895-9274-4298bb841bf6/plan,,34:53.0,20:21.0,,,,,,,,,,,,,,,,,,,,,,,,,,,,,False,True
Wells Fargo,Wells Fargo AI PS Onboarding,Tim Lutero,00:00.0,00:00.0,00:00.0,41:21.0,On Time,IN_PROGRESS,Green,Sat 28 Mar TLL: Closing as Affinity is handling their implementation with ad hoc assistance from Greg Hartley.,"Deploying Studio Apps, Building Solutions, Initiating",Greg Hartley,,"ndMAX App Builder Enterprise, ADE: Greg Hartley, TOP 10",,187200,https://netdocumentsps.guidecx.com/app/projects/90c6c617-2d75-4d67-a8b2-ba0d6ce75b7c/plan,https://netdocuments.lightning.force.com/lightning/r/Account/001a000001NGyQwAAL/view,44:21.0,41:29.0,416885.0,Project Complete,12/5/2023 2:20 PM,10/18/2024,11/5/2024,Affinity Consulting Group,Corporate,NORAM,United States,Corporate/Commercial,Finance,1300.0,1616577.96,694200.0,1300.0,1393497.96,0.8620047993231331,Legacy bundle,ndMAX Enterprise (AI300),Tyler Brown,Bobby Tindel,2027-05-21,"OpenText (eDocs, Hummingbird, DM DocsOpen)",Active,NetDocuments,2027-05-21,694200.0,1300.0,True,False
Birkett Long IFA LLP,Birkett Long IFA LLP AI PS Onboarding,Amir Mustafa,00:00.0,,,,On Time,IN_PROGRESS,Red,,Project Plan,,,Unassigned,,6029,https://netdocumentsps.guidecx.com/app/projects/cb707689-d63d-4649-a032-be8b5b7e9bf5/plan,https://netdocuments.lightning.force.com/lightning/r/Account/001Qj00000jb38JIAQ/view,03:49.0,40:25.0,534658.0,Project Complete,6/16/2025 1:05 PM,11/3/2025,11/3/2025,SELF-INSTALL,Corporate,EMEA,United Kingdom,Corporate/Commercial,Finance,15.0,12616.07,5732.48,15.0,12616.07,1.0,Core DMS (ND200),ndMAX Enterprise (AI300),Mike Creffield,Ari Adams,2026-08-13,NetDocuments,Active,NetDocuments,2026-08-13,5732.48,15.0,False,False
McCullough Robertson,McCullough Robertson AI PS Onboarding,Staci VanderPol,00:00.0,00:00.0,00:00.0,,Late,LATE,Green,,"Providing Hypercare, Initiating, Deploying Studio Apps, Going Live, Building Solutions, Closing (Handing Off)",Brandon Hill,,"ADE: Brandon Hill, TOP 10, ndMAX App Builder Enterprise, LC: Staci VanderPol",,175787,https://netdocumentsps.guidecx.com/app/projects/862b7e07-17f4-4286-8e21-3696e95641c8/plan,https://netdocuments.lightning.force.com/lightning/r/Account/001a000001clja0AAA/view,08:40.0,05:46.0,481275.0,Project Complete,9/26/2024 5:05 AM,3/24/2025,4/1/2025,Verlata Consulting,Strategic,APAC,Australia,Legal,Law Firms & Legal Services,500.0,407872.35,161063.83,500.0,407872.35,1.0,Core DMS (ND200),ndMAX Enterprise (AI300),Azan Iwasaki,Martin Horton,2026-06-01,iManage_Hosted_Hybrid,Active,NetDocuments,2026-06-01,161063.83,500.0,True,False
Advokatfirmaet CLP DA,Advokatfirmaet CLP DA AI PS Onboarding,Amir Mustafa,00:00.0,,,,On Time,IN_PROGRESS,Red,Project Unassigned - TBD,Project Plan,,,Unassigned,,32634,https://netdocumentsps.guidecx.com/app/projects/2a1c37d0-f9f4-47fd-896f-b6f7e763560f/plan,https://netdocuments.lightning.force.com/lightning/r/Account/001Dm0000037pSBIAY/view,10:04.0,50:01.0,580863.0,Test and Acceptance,12/30/2025 11:09 AM,5/29/2026,,Frend Digital,Mid-Market,EMEA,Norway,Legal,[No data],77.0,77520.4,31862.07,1.0,,0.0,Core DMS (ND200),ndMAX Enterprise (AI300),Oliver Matthews,[No data],2028-07-01,iManage On-Prem,Pending,NetDocuments,2028-07-01,31862.07,77.0,False,False
Osmosis Buyer Ltd,Osmosis Buyer Ltd AI PS Onboarding,Amir Mustafa,00:00.0,,,,On Time,IN_PROGRESS,Red,,Project Plan,,,Unassigned,,6058,https://netdocumentsps.guidecx.com/app/projects/f181ff80-d7be-4bcf-8c89-10c8418fd8e6/plan,https://netdocuments.lightning.force.com/lightning/r/Account/001Qj00000A69fZIAR/view,48:40.0,41:44.0,464613.0,Project Complete,6/28/2024 7:35 AM,5/12/2025,5/21/2025,Verlata Consulting,Corporate,EMEA,United Kingdom,Corporate/Commercial,Other,60.0,61241.39,24827.58,46.0,27917.25,0.45585591705217665,Legacy bundle,ndMAX Enterprise (AI300),Ben Edwards,Margo Harris,2028-01-01,Sharepoint,Active,NetDocuments,2028-01-01,19034.48,46.0,False,False
Stoll Keenon Ogden PLLC,Stoll Keenon Ogden PLLC AI PS Onboarding,Staci VanderPol,00:00.0,00:00.0,00:00.0,,Late,LATE,Green,,"2 - Deploying Assistant & Apps (S), 3 - Building Solutions (SGP), Initiating",Emilio Campos,,"LC: Staci VanderPol, ADE: Emilio Campos",,190401,https://netdocumentsps.guidecx.com/app/projects/c912b987-132b-4eb5-85fb-415c1b686ea0/plan,https://netdocuments.lightning.force.com/lightning/r/Account/0013000000zpQXKAA2/view,27:40.0,38:11.0,331758.0,Project Complete,12/16/2022 4:49 PM,7/10/2023,7/10/2023,Affinity Consulting Group,Strategic,NORAM,United States,Legal,Law Firms & Legal Services,300.0,416520.0,190404.0,300.0,360504.0,0.865514261019879,Core DMS (ND200),ndMAX Enterprise (AI300),Ryan Tanner,Charles Evans,2028-04-01,"OpenText (eDocs, Hummingbird, DM DocsOpen)",Active,NetDocuments,2026-04-01,50400.0,,False,False
Lloreda Camacho & Co,Lloreda Camacho & Co AI PS Onboarding,Christopher Snead,00:00.0,,00:00.0,,On Time,IN_PROGRESS,Green,"AM set up studio apps and held weekly meetings, no response after waiting to hear about issues or schedule follow up meetings, probably ready to close","3 - Building Solutions (B), 1 - Initiating (BSG), 2 - Deploying Assistant & Apps (B), 5 - Hypercare & Closing, Project Plan",Andrew Mecham,,"ndMAX App Builder Enterprise, LC: Christopher Snead, ADE: Andrew Mecham",,11700,https://netdocumentsps.guidecx.com/app/projects/0f0ad072-47a2-4c71-af19-a75d5967dd81/plan,https://netdocuments.lightning.force.com/lightning/r/Account/0010c000020KqosAAC/view,41:30.0,05:19.0,15992.0,Project Complete,6/28/2019 12:07 PM,9/26/2020,7/8/2024,PRONET S.A.C.,Mid-Market,LATAM,Colombia,Legal,Law Firms & Legal Services,135.0,60867.0,11700.0,135.0,60867.0,1.0,[DM standalone],App Builder (AI200),Lucas Germenink,Erik Vázquez Mosqueira,2026-09-01,Worldox,Active,NetDocuments,2026-09-01,11700.0,15.0,False,False
Advokatfirmaet Selmer,Advokatfirmaet Selmer AI PS Onboarding,Amir Mustafa,00:00.0,,00:00.0,,On Hold,ON_HOLD,Green,Wed 18 Mar TLL: Estimated DM go-live is 7 Sep 2026.,"Project Plan, Enterprise ndMAX Implementation",,,"Unassigned, PM: Tim Lutero",,137931,https://netdocumentsps.guidecx.com/app/projects/53f99eff-d579-49c3-9d5b-d76fa75a491f/plan,https://netdocuments.lightning.force.com/lightning/r/Account/001a000001oVJsSAAW/view,19:35.0,09:06.0,573814.0,Design and Build,11/24/2025 10:19 AM,9/7/2026,,Verlata Consulting,Strategic,EMEA,Norway,Legal,[No data],250.0,241310.36,137931.03,1.0,,0.0,Core DMS (ND200),ndMAX Enterprise (AI300),Oliver Matthews,[No data],2030-09-01,iManage Cloud,Pending,NetDocuments,2030-09-01,137931.03,250.0,True,False
Eubelius,Eubelius AI PS Onboarding,Christopher Snead,00:00.0,00:00.0,00:00.0,,Late,LATE,Green,"On hold, pending follow up on ""reza"", 3/21/2026 email in salesforce indicates interest in ai profiling and smart answers","3 - Building Solutions (SGP), 2 - Deploying Assistant & Apps (S), 5 - Hypercare & Closing, Initiating, 4 - Training (SGP)",Nikki Patel,,"TOP 10, LC: Christopher Snead, ndMAX AI Assistant, ndMAX App Builder Enterprise, ADE: Nikki Patel",,35000,https://netdocumentsps.guidecx.com/app/projects/76526d4f-a112-4d45-80c2-6eb09da7ef11/plan,https://netdocuments.lightning.force.com/lightning/r/Account/001Qj00000Kh6EjIAJ/view,16:47.0,57:59.0,519073.0,Project Complete,3/31/2025 7:05 PM,9/1/2025,9/7/2025,Element Technologies LLC,Strategic,EMEA,Belgium,Legal,Law Firms & Legal Services,238.0,177236.13999999998,72220.69,1.0,,0.0,Core DMS (ND200),ndMAX Enterprise (AI300),Kaden Smith,Lydia Morris,2028-09-01,iManage Cloud,Pending,NetDocuments,2028-09-01,72220.69,238.0,False,False
Salter Brothers,Salter Brothers AI PS Onboarding,Amir Mustafa,00:00.0,,,,On Time,IN_PROGRESS,Red,,Project Plan,,,Unassigned,,7623,https://netdocumentsps.guidecx.com/app/projects/54ede32c-8ec4-4c30-949a-59169419e5ea/plan,https://netdocuments.lightning.force.com/lightning/r/Account/0014Q00002UeL7YQAV/view,31:15.0,12:53.0,283869.0,Project Complete,2/14/2022 9:10 PM,2/17/2022,9/20/2024,Verlata Consulting,Corporate,APAC,Australia,Corporate/Commercial,Hospitality,5.0,14765.53,9417.02,5.0,14765.53,1.0,Legacy bundle,ndMAX Enterprise (AI300),Matt Rupp,Ari Adams,2027-03-02,Folders/Shared Drive/None,Active,NetDocuments,2026-03-02,9415.75,5.0,False,False
Ten Holter Noordam Advocaten,Ten Holter Noordam Advocaten,Christopher Snead,00:00.0,00:00.0,00:00.0,,On Hold,ON_HOLD,Amber,"Waiting on client to review studio apps and sample templates to automate, rescheduling studio app session at client's request.","Initiating, Building Solutions, Going Live, Providing Hypercare, Closing (Handing Off), Deploying Studio Apps",Andrew Mecham,,"ADE: Andrew Mecham, Partner Eligible, LC: Christopher Snead, ndMAX App Builder Enterprise",,47127,https://netdocumentsps.guidecx.com/app/projects/51b60094-b9e7-4d1b-b4c3-eb7b58038dfc/plan,https://netdocuments.lightning.force.com/lightning/r/Account/001Qj00000AKAftIAH/view,10:24.0,59:51.0,522542.0,Project Complete,4/17/2025 9:35 AM,11/17/2025,11/17/2025,Verlata Consulting,Mid-Market,EMEA,Netherlands,Legal,Law Firms & Legal Services,91.0,80343.58999999998,37655.17999999999,91.0,69674.61,0.8672080747200868,Legacy bundle,ndMAX Enterprise (AI300),Harry Wheeler,Margo Harris,2029-04-01,Basenet,Active,NetDocuments,2029-04-01,34758.619999999995,84.0,False,True
Karawani & Co,Karawani & Co AI PS Onboarding,Stephanie Klahre,00:00.0,00:00.0,00:00.0,,Late,LATE,Amber,4/03/26 - No change since last update. Customer paused ndMAX implementation with minimal PS hours used (~5/24). Expected to re-engage when ready. - SK,"Providing Hypercare, Building Solutions, Deploying Studio Apps, Going Live, Closing (Handing Off), Initiating",Adam Scott,,"LC: Stephanie Klahre, ndMAX App Builder Enterprise, ADE: Adam Scott",,45900,https://netdocumentsps.guidecx.com/app/projects/f6476584-508d-48d8-9a46-634debe2db22/plan,,23:16.0,04:30.0,,,,,,,,,,,,,,,,,,,,,,,,,,,,,False,False
Gro Advokatbyra,Gro Advokatbyra AI PS Onboarding,Christopher Snead,00:00.0,,00:00.0,,On Time,IN_PROGRESS,Red,Meeting to review/implement their studio apps rescheduled with AM for 4/7/26,"4 - Training (B), 2 - Deploying Assistant & Apps (B), 3 - Building Solutions (B), 5 - Hypercare & Closing, 1 - Initiating (BSG), Project Plan",Andrew Mecham,,"ADE: Andrew Mecham, LC: Christopher Snead",,7844,https://netdocumentsps.guidecx.com/app/projects/64d8cbdb-bbb7-4c91-b303-e35095076423/plan,https://netdocuments.lightning.force.com/lightning/r/Account/0014Q00002Mkx6bQAB/view,55:52.0,08:12.0,17702.0,Project Complete,5/24/2021 7:19 AM,6/21/2021,,Sicklaskiftet AB,Small-Market,EMEA,Sweden,Legal,Law Firms & Legal Services,10.0,21468.54,7843.57,10.0,21468.54,1.0,Legacy bundle,ndMAX Enterprise (AI300),Ben Edwards,Margo Harris,2026-08-17,Folders/Shared Drive/None,Active,NetDocuments,2026-08-17,7843.57,10.0,False,True
Bread Financial,Bread Financial AI PS Onboarding,Staci VanderPol,00:00.0,,,,On Hold,ON_HOLD,Green,,Project Plan,Adam Scott,,"ndMAX App Builder Enterprise, LC: Staci VanderPol, ADE: Adam Scott",,54000,https://netdocumentsps.guidecx.com/app/projects/4a8f8ea8-f477-434f-aeca-eac6af886b4f/plan,https://netdocuments.lightning.force.com/lightning/r/Account/001Qj00000HSep6IAD/view,18:05.0,03:44.0,560426.0,Design and Build,9/30/2025 5:55 PM,7/17/2026,,Consilio Global (UK) Limited  (SYKE),Corporate,NORAM,United States,Corporate/Commercial,Retail,100.0,134364.0,54000.0,100.0,134364.0,1.0,Core DMS (ND200),ndMAX Enterprise (AI300),Allison Barstow,Charles Evans,2028-12-20,"OpenText (eDocs, Hummingbird, DM DocsOpen)",Active,NetDocuments,2028-12-20,54000.0,100.0,False,False
"B3 S.A. – BRASIL, BOLSA, BALCAO","B3 S.A. – BRASIL, BOLSA, BALCAO AI PS Onboarding",Stephanie Klahre,00:00.0,00:00.0,00:00.0,,Late,LATE,Green,4/03/26 - No change since last update. Rerunning client's 39k+ documents in testing cabinet. Client updated system message. - SK,"Initiating, Going Live, Providing Hypercare, Closing (Handing Off), Building Solutions, Deploying Studio Apps",Adam Scott,,"ADE: Adam Scott, LC: Stephanie Klahre, ndMAX App Builder Enterprise",,38880,https://netdocumentsps.guidecx.com/app/projects/00732af2-eecb-4011-9850-806bd2571c81/plan,https://netdocuments.lightning.force.com/lightning/r/Account/001Qj00000YCWrlIAH/view,19:00.0,59:21.0,531547.0,Project Complete,5/30/2025 5:50 PM,10/27/2025,11/4/2025,QuatroKeys - Referral,Corporate,LATAM,Brazil,Corporate/Commercial,Finance,80.0,104515.19999999998,34560.0,80.0,52588.799999999996,0.5031689170570406,Core DMS (ND200),ndMAX Enterprise (AI300),Lucas Germenink,Erik Vázquez Mosqueira,2027-09-01,Folders/Shared Drive/None,Active,NetDocuments,2027-09-01,42768.0,99.0,False,True
Holley Nethercote,Holley Nethercote AI PS Onboarding,Amir Mustafa,00:00.0,,,,On Time,IN_PROGRESS,Red,,Project Plan,,,"ndMAX App Builder Enterprise, Unassigned",,12274,https://netdocumentsps.guidecx.com/app/projects/47271919-c242-4b83-8ff1-b5e97c401dde/plan,https://netdocuments.lightning.force.com/lightning/r/Account/001a000001mvddfAAA/view,13:04.0,14:56.0,318137.0,Project Complete,9/25/2022 11:20 PM,3/13/2023,3/28/2023,Verlata Consulting,Mid-Market,APAC,Australia,Legal,Law Firms & Legal Services,38.0,51252.76,13188.08,1.0,,0.0,Legacy bundle,App Builder (AI200),Matt Rupp,Gayle Raymond,2026-02-28,Lexis Affinity,Not Renewed,NetDocuments,2026-02-28,13188.08,16.0,False,False
Husch Blackwell,Husch Blackwell AI PS Onboarding,Staci VanderPol,00:00.0,00:00.0,00:00.0,,On Time,IN_PROGRESS,Green,,Enterprise ndMAX Implementation,,Kathleen Hogan,"PM: Tim Lutero, LC: Staci VanderPol",,574800,https://netdocumentsps.guidecx.com/app/projects/2b55a89f-f308-4e3a-8d75-2919b5ddd121/plan,https://netdocuments.lightning.force.com/lightning/r/Account/0013000000zpPoPAAU/view,40:11.0,24:27.0,15462.0,Project Complete,1/7/2019 1:31 PM,12/27/2022,12/27/2022,,Strategic,NORAM,United States,Legal,[No data],2395.0,1580700.0,574800.0,2395.0,1100904.0,0.6964661226039096,Core DMS (ND200),ndMAX Enterprise (AI300),Kyle Duncan,Brian Hall,2027-07-02,"OpenText (eDocs, Hummingbird, DM DocsOpen)",Active,NetDocuments,2027-07-02,574800.0,2395.0,True,True
Sullivan & Cromwell LLP,Sullivan & Cromwell AI PS Onboarding,Staci VanderPol,00:00.0,00:00.0,00:00.0,,Late,LATE,Amber,,"Providing Hypercare, Initiating, Building Additional Apps, Building NDA, Training/Co-Building, Building EL",Greg Hartley,Chris Fernelius,"ADE: Emilio Campos, LC: Staci VanderPol, ndMAX App Builder Enterprise, ADE: Greg Hartley",,151398,https://netdocumentsps.guidecx.com/app/projects/c253fa8d-4f82-42c0-a2d9-375295f65fbb/plan,https://netdocuments.lightning.force.com/lightning/r/Account/0013000000zpQJEAA2/view,41:17.0,01:00.0,15724.0,Project Complete,4/3/2019 6:45 PM,10/15/2020,,Harbor (formerly HBR),Strategic,NORAM,United States,Legal,Law Firms & Legal Services,2006.0,1365035.04,639352.32,2006.0,882872.88,0.6467767157098033,Core DMS (ND200),ndMAX Enterprise (AI300),Michael Pennington,Brian Hall,2027-03-31,"OpenText (eDocs, Hummingbird, DM DocsOpen)",Active,NetDocuments,2026-03-31,156468.0,,True,True
Brand Solicitors,Brand Solicitors AI PS Onboarding,Christopher Snead,00:00.0,00:00.0,00:00.0,,On Hold,ON_HOLD,Red,Waiting to hear on follow up with account manager regarding potential churn status or if we should reach out to begin implementation,Initiating,David Kero,,"ADE: David Kero, LC: Christopher Snead, ndMAX App Builder Enterprise",,14477,https://netdocumentsps.guidecx.com/app/projects/d4dd92c0-f68a-42e1-9daa-eafeac1ee8a6/plan,https://netdocuments.lightning.force.com/lightning/r/Account/001Qj00000FaiePIAR/view,33:29.0,48:28.0,490792.0,Project Complete,11/12/2024 1:20 AM,6/16/2025,7/2/2025,Verlata Consulting,Mid-Market,APAC,Australia,Legal,Law Firms & Legal Services,36.0,25726.97,,36.0,25726.97,1.0,Legacy bundle,[No AI products owned],Matt Rupp,Martin Horton,2027-03-01,ActionStep,Active,NetDocuments,2026-03-01,18765.96,35.0,False,False
Hone Law,Hone Law AI PS Onboarding,Christopher Snead,00:00.0,00:00.0,00:00.0,,On Time,IN_PROGRESS,,,"Initiating, Customer Retention",David Kero,,"ADE: David Kero, ndMAX App Builder Enterprise, Closed - Incomplete ",,8505,https://netdocumentsps.guidecx.com/app/projects/5959ab4e-6e4a-4be1-9075-fa7e83a3244f/plan,https://netdocuments.lightning.force.com/lightning/r/Account/0010c00002CnjKiAAJ/view,58:34.0,23:50.0,16296.0,Project Complete,10/18/2019 8:03 PM,12/20/2019,,The Angent Group,Small-Market,NORAM,United States,Legal,Law Firms & Legal Services,15.0,36260.16,8928.0,15.0,36260.16,1.0,Legacy bundle,ndMAX Enterprise (AI300),Joe Neilsen,Gayle Raymond,2027-01-02,Folders/Shared Drive/None,Active,NetDocuments,2026-01-02,8505.0,15.0,False,False
Rivkin Radler LLP,Rivkin Radler LLP AI PS Onboarding,Tim Lutero,00:00.0,00:00.0,00:00.0,,Late,LATE,Green,Fri 10 Apr TLL: AI Assistant and Studio apps deployed; multiple AppBuilder apps live or approved for deployment. Profiling exercise pending Kyle's availability. Value team handoff in progress — Kyle Kissell and Kathleen Hogan co-leading. Per-app summary delivery TBD from Tim and Brandon.,"Initiating, Building Solutions, Deploying Studio Apps, Going Live, Providing Hypercare, Closing (Handing Off)",Brandon Hill,Kathleen Hogan,"ndMAX App Builder Enterprise, ADE: Brandon Hill, TOP 10",,236253,https://netdocumentsps.guidecx.com/app/projects/f66fc024-530e-4828-8943-47788de0a536/plan,https://netdocuments.lightning.force.com/lightning/r/Account/0013000000zpQGrAAM/view,30:25.0,57:01.0,333451.0,Project Complete,12/30/2022 7:00 PM,10/30/2023,11/8/2023,Element Technologies LLC,Strategic,NORAM,United States,Legal,Law Firms & Legal Services,512.0,495451.0799999999,248892.36,512.0,495451.0799999999,1.0,Legacy bundle,ndMAX Enterprise (AI300),Michael Pennington,Bobby Tindel,2026-06-01,"OpenText (eDocs, Hummingbird, DM DocsOpen)",Active,NetDocuments,2026-06-01,248892.36,512.0,True,False
Pot Jonker Advocaten,Pot Jonker Advocaten AI PS Onboarding,Christopher Snead,00:00.0,00:00.0,00:00.0,,Late,LATE,Amber,"Met on 4/1/26 for AI Assistant training, we are working on enabling smart answers for the client as well","Closing (Handing Off), Providing Hypercare, Building Solutions, Going Live, Initiating, Deploying Studio Apps, Training/Co-Building",Andrew Mecham,,"LC: Christopher Snead, ndMAX App Builder Enterprise, ADE: Andrew Mecham",,22971,https://netdocumentsps.guidecx.com/app/projects/2e9c064d-a3db-46c5-9809-ca9cd250ba17/plan,https://netdocuments.lightning.force.com/lightning/r/Account/001Qj00000AKBS2IAP/view,29:39.0,59:12.0,495710.0,Project Complete,12/9/2024 7:20 AM,6/2/2025,7/29/2025,Xinno,Mid-Market,EMEA,Netherlands,Legal,Law Firms & Legal Services,54.0,80634.98999999998,29793.090000000004,54.0,80633.88999999998,0.9999863582794517,Legacy bundle,ndMAX Enterprise (AI300),Ben Edwards,Margo Harris,2027-06-06,Basenet,Active,NetDocuments,2027-06-06,28689.64,52.0,False,False
Chapman and Cutler LLP,Chapman and Cutler LLP AI PS Onboarding,Stephanie Klahre,00:00.0,00:00.0,00:00.0,,Late,LATE,Amber,4/03/26 - No change since last update. Client is in active AI Profiling testing. Smart Answers pilot enabled and in early use. - SK,"Providing Hypercare, Initiating, Closing (Handing Off), Deploying Studio Apps, Building an App, Going Live",Greg Hartley,Chris Fernelius,"TOP 10, ADE: Greg Hartley, ndMAX App Builder Enterprise, LC: Stephanie Klahre",,200068,https://netdocumentsps.guidecx.com/app/projects/c6e3e881-de10-4ca2-a904-359fe50bdfd9/plan,https://netdocuments.lightning.force.com/lightning/r/Account/0013000000zpQF4AAM/view,26:18.0,56:11.0,10359.0,Project Complete,9/29/2016 12:34 PM,,,ND Professional Services - JB Trexler,Strategic,NORAM,United States,Legal,Law Firms & Legal Services,526.0,469612.79999999993,0.0,526.0,570099.84,1.213978494623656,Core DMS (ND200),[No AI products owned],Kyle Duncan,Andrea Pinkston,2026-12-02,Other,Active,NetDocuments,2026-12-02,223823.52000000002,526.0,True,True
"Galloway, Johnson, Tompkins, Burr & Smith, PLC","Galloway, Johnson, Tompkins, Burr & Smith, PLC AI PS Onboarding",Stephanie Klahre,00:00.0,00:00.0,00:00.0,,Late,LATE,Green,4/03/26 - Implementation completed. Evaluating transition to Value team. - SK,"Deploying Studio Apps, Initiating, Closing (Handing Off), Going Live, Providing Hypercare, Building Solutions",Emilio Campos,,"ndMAX App Builder Enterprise, TOP 10, ADE: Emilio Campos, LC: Stephanie Klahre",,177120,https://netdocumentsps.guidecx.com/app/projects/c5850e02-1fa1-46cb-acdf-e7e9e4c18992/plan,https://netdocuments.lightning.force.com/lightning/r/Account/001a000001Y6CqsAAF/view,48:39.0,01:31.0,18434.0,Project Complete,11/26/2021 7:38 PM,6/13/2022,10/12/2022,Ricoh ITS (formerly mindSHIFT),Strategic,NORAM,United States,Legal,Law Firms & Legal Services,369.0,415366.43999999994,177385.68,369.0,395252.4,0.9515751922567458,Legacy bundle,ndMAX Enterprise (AI300),Ryan Tanner,Bobby Tindel,2028-06-30,Worldox,Active,NetDocuments,2028-06-30,177385.68,369.0,True,True
Cleerdin & Hamer Advocaten,Cleerdin & Hamer Advocaten AIPS Onboarding,Christopher Snead,00:00.0,00:00.0,00:00.0,,On Hold,ON_HOLD,Amber,Met with them on 3/31/26 to review studio app needs and set out plan for template automation and training. AM currently preparing automations and we will meet again in 10 - 14 days,"Building Solutions, Closing (Handing Off), Deploying Studio Apps, Initiating, Going Live, Providing Hypercare",Andrew Mecham,,"ndMAX App Builder Enterprise, LC: Christopher Snead, ADE: Andrew Mecham",,34745,https://netdocumentsps.guidecx.com/app/projects/0d80055e-d5df-4b11-9b9e-35f6078c0f88/plan,https://netdocuments.lightning.force.com/lightning/r/Account/001Qj00000AJxR9IAL/view,34:55.0,58:09.0,514615.0,Project Complete,3/12/2025 11:50 AM,6/30/2025,7/1/2025,Xinno,Mid-Market,EMEA,Netherlands,Legal,Law Firms & Legal Services,92.0,85655.16999999998,38056.27,92.0,85655.17,1.0000000000000002,Legacy bundle,ndMAX Enterprise (AI300),Harry Wheeler,Margo Harris,2027-10-01,Folders/Shared Drive/None,Active,NetDocuments,2027-10-01,38056.28,92.0,False,True
SW Service Co.,SW Service Co. AI PS Onboarding,Christopher Snead,00:00.0,00:00.0,00:00.0,,Late,LATE,Amber,Sent reconnection email to check in with client's use of assistant and studio apps created,"Closing (Handing Off), Providing Hypercare, Going Live, Initiating, Building Solutions, Deploying Studio Apps",Nikki Patel,,"ndMAX App Builder Enterprise, ADE: Nikki Patel, LC: Christopher Snead",,6398,https://netdocumentsps.guidecx.com/app/projects/0831746f-75e6-45ec-8d1e-32bdf2e9f8da/plan,https://netdocuments.lightning.force.com/lightning/r/Account/001Dm0000037zCDIAY/view,45:22.0,59:37.0,376595.0,Project Complete,5/28/2023 9:24 PM,11/13/2023,11/20/2023,Verlata Consulting,Mid-Market,APAC,New Zealand,Legal,Law Firms & Legal Services,47.0,42864.939999999995,10395.21,47.0,42864.939999999995,1.0,Legacy bundle,App Builder (AI200),Matt Rupp,Paula Salazar,2026-09-01,Infinity,Active,NetDocuments,2026-09-01,10395.21,10.0,False,False
Hemenway & Barnes LLP,Hemenway & Barnes LLP AI PS Onboarding,Christopher Snead,00:00.0,00:00.0,00:00.0,,On Hold,ON_HOLD,Amber,"""Hemenway & Barnes put their ndMAX evaluation on pause for the time being. They said they may potentially pick things back up around Inspire, but as of now it is not their priority. I would just leave it be for now."" - account manager",Barebones Project Plan,Emilio Campos,,"LC: Christopher Snead, PatternBuilder (w/o AI), ADE: Emilio Campos",,36000,https://netdocumentsps.guidecx.com/app/projects/4d225db1-beb6-49e4-8b4f-a13e56759677/plan,https://netdocuments.lightning.force.com/lightning/r/Account/0013000000zpQUcAAM/view,11:27.0,14:28.0,418307.0,Project Complete,12/11/2023 4:50 PM,7/28/2025,8/7/2025,Element Technologies LLC,Strategic,NORAM,United States,Legal,Law Firms & Legal Services,165.0,167072.40000000002,39600.0,165.0,167072.40000000002,1.0,Core DMS (ND200),[No AI products owned],TJ Sumner,Kevin Schutte,2026-07-01,"OpenText (eDocs, Hummingbird, DM DocsOpen)",Active,NetDocuments,2026-07-01,39600.0,,False,False
McNees Wallace & Nurick LLC,McNees Wallace & Nurick LLC AI PS Onboarding,Staci VanderPol,00:00.0,,,,On Time,IN_PROGRESS,Amber,,Project Plan,,,"ndMAX App Builder Enterprise, LC: Staci VanderPol",,149040,https://netdocumentsps.guidecx.com/app/projects/9a11f08f-1fcc-4d19-bacd-68d76e2331f9/plan,https://netdocuments.lightning.force.com/lightning/r/Account/0013000000zpQG7AAM/view,46:31.0,28:56.0,275149.0,Project Complete,12/21/2021 2:49 PM,6/20/2023,6/29/2023,Affinity Consulting Group,Strategic,NORAM,United States,Legal,Law Firms & Legal Services,382.0,318633.84,164932.32,382.0,318633.84,1.0,Core DMS (ND200),ndMAX Enterprise (AI300),TJ Sumner,McKenzie Mayer,2027-01-01,Worldox,Active,NetDocuments,2027-01-01,148957.2,345.0,True,False
Green Horse Legal Advisory s.t.a a r.l.,Green Horse Legal Advisory s.t.a a r.l. AI PS Onboarding,Amir Mustafa,00:00.0,,,,On Time,IN_PROGRESS,Red,Project Unassigned - TBD,Project Plan,,,Unassigned,,15660,https://netdocumentsps.guidecx.com/app/projects/919dd87d-6ba5-413b-b428-79fc452acd88/plan,https://netdocuments.lightning.force.com/lightning/r/Account/0014Q00002bGuWBQA0/view,27:21.0,10:32.0,327658.0,Project Complete,11/22/2022 4:36 AM,1/20/2023,2/1/2023,AIT Systems,Corporate,EMEA,Italy,Corporate/Commercial,Law Firms & Legal Services,45.0,43448.27,15517.24,45.0,43448.27,1.0,Legacy bundle,ndMAX Enterprise (AI300),Ben Edwards,Margo Harris,2027-01-01,Folders/Shared Drive/None,Active,NetDocuments,2027-01-01,15517.240000000002,45.0,False,False
O'Sullivan Davies (Tildeath Pty Ltd),O'Sullivan Davies (Tildeath Pty Ltd) AI PS Onboarding,Christopher Snead,00:00.0,00:00.0,00:00.0,,On Hold,ON_HOLD,Red,"Salesforce case note indicates that partner, Inplace Solutions, is or is getting certified to work with them on implementation, I have followed up with AE to verify",Initiating,David Kero,,"ADE: David Kero, LC: Christopher Snead, ndMAX App Builder Enterprise",,19975,https://netdocumentsps.guidecx.com/app/projects/68d075e8-4bc8-4386-982d-ee185407b014/plan,https://netdocuments.lightning.force.com/lightning/r/Account/001Qj00000FaeERIAZ/view,21:29.0,56:25.0,518397.0,Project Complete,3/28/2025 4:20 AM,10/7/2025,10/7/2025,Dye & Durham Solutions PTY LTD,Mid-Market,APAC,Australia,Legal,Law Firms & Legal Services,36.0,42277.79,20546.04,36.0,42277.79,1.0,Core DMS (ND200),ndMAX Enterprise (AI300),Matt Rupp,Gayle Raymond,2027-07-01,Lexis Affinity,Active,NetDocuments,2027-07-01,19975.32,35.0,False,False
Wiggin and Dana LLP,Wiggin and Dana LLP AI PS Onboarding,Stephanie Klahre,00:00.0,00:00.0,00:00.0,,On Time,IN_PROGRESS,Green,"4/03/26 - Scheduled Studio App Configuration working session with Chel and Mary for Tuesday April 7 at 4pm ET with Nikki. Apps imported, setup underway. - SK","4 - Training (SGP), 5 - Hypercare & Closing, Closing (Handing Off), 1 - Initiating (BSG), 2 - Deploying Assistant & Apps (GP), 3 - Building Solutions (SGP)",Nikki Patel,Jen Cass,"ADE: Nikki Patel, LC: Stephanie Klahre",,207724,https://netdocumentsps.guidecx.com/app/projects/36146a4b-b1ab-4c60-b342-d9055ab01071/plan,https://netdocuments.lightning.force.com/lightning/r/Account/0013000000zpQGNAA2/view,11:30.0,16:33.0,15736.0,Project Complete,4/11/2019 11:01 AM,,,,Strategic,NORAM,United States,Legal,Law Firms & Legal Services,345.0,440371.8,207703.8,345.0,294519.6,0.6687975933063833,Core DMS (ND200),ndMAX Enterprise (AI300),TJ Sumner,McKenzie Mayer,2027-01-02,iManage_Unknown,Active,NetDocuments,2027-01-02,207703.8,345.0,True,True
Patterson Law,Patterson Law AI PS Onboarding,Stephanie Klahre,00:00.0,00:00.0,00:00.0,,On Hold,ON_HOLD,Red,4/03/26 - Client on hold since December. Email sent to CSM McKenzie Mayer to help re-engage. Value Engineering team partnering on adoption. PS team will support app building. - SK,"Going Live, Providing Hypercare, Closing (Handing Off), Building Solutions, Deploying Studio Apps, Initiating",Nikki Patel,,"ndMAX App Builder Enterprise, ADE: Nikki Patel, LC: Stephanie Klahre",,75600,https://netdocumentsps.guidecx.com/app/projects/2b55c375-bd5a-4df8-88c5-9c1d03a0bfd0/plan,https://netdocuments.lightning.force.com/lightning/r/Account/0010c00001td0feAAA/view,10:10.0,59:53.0,17509.0,Project Complete,1/29/2021 10:29 AM,4/19/2021,,OTB Consulting,Strategic,NORAM,Canada,Legal,Law Firms & Legal Services,175.0,167830.92,75600.0,175.0,167830.92,1.0,Core DMS (ND200),ndMAX Enterprise (AI300),TJ Sumner,McKenzie Mayer,2026-07-02,"OpenText (eDocs, Hummingbird, DM DocsOpen)",Active,NetDocuments,2026-07-02,75600.0,175.0,False,False
"BST & Co. Cpas, LLP","BST & Co. Cpas, LLP AI PS Onboarding",Christopher Snead,00:00.0,,,,On Time,IN_PROGRESS,Green,Client reports positive use of AI Assistant and we are moving forward with scheduling studio app onboarding after which we will tackle ai profiling,Project Plan,David Kero,,"ADE: Andrew Mecham, LC: Christopher Snead",,9720,https://netdocumentsps.guidecx.com/app/projects/2926d7c4-2583-44d0-9923-39bddd7e4fa2/plan,https://netdocuments.lightning.force.com/lightning/r/Account/0014Q00002NzGCyQAN/view,21:06.0,34:55.0,18001.0,Project Complete,7/30/2021 10:30 AM,1/11/2022,10/23/2025,Element Technologies LLC,Corporate,NORAM,United States,Corporate/Commercial,Business Services,18.0,56184.59999999999,9720.0,18.0,56184.59999999999,1.0,Legacy bundle,ndMAX Enterprise (AI300),Amanda Byrd,Colin Garvey,2026-10-29,Folders/Shared Drive/None,Active,NetDocuments,2026-10-29,9720.0,18.0,False,False
Mewburn Ellis LLP,Mewburn Ellis LLP AI PS Onboarding,Stephanie Klahre,00:00.0,00:00.0,00:00.0,,Late,LATE,Green,4/03/26 - Greg enabled MCP Connector in client's repository. Client progressing well on AI profiling. - SK,Initiating,Greg Hartley,,"ADE: Greg Hartley, LC: Stephanie Klahre, TOP 10",,155000,https://netdocumentsps.guidecx.com/app/projects/32da8e12-6bb2-42bc-9f2a-cf34db9006cf/plan,https://netdocuments.lightning.force.com/lightning/r/Account/001a000001eBTLuAAO/view,07:20.0,05:25.0,15691.0,Project Complete,3/29/2019 11:28 AM,9/30/2020,,OneAdvanced Limited,Strategic,EMEA,United Kingdom,Legal,Law Firms & Legal Services,388.0,473251.25999999995,160142.67,388.0,393239.93999999994,0.8309326846800154,Core DMS (ND200),ndMAX Enterprise (AI300),Josh White,Lydia Morris,2027-08-01,"OpenText (eDocs, Hummingbird, DM DocsOpen)",Pending,NetDocuments,2026-08-01,79039.5,383.0,False,True
"Skadden, Arps, Slate, Meagher & Flom LLP","Skadden, Arps, Slate, Meagher & Flom LLP AI PS Onboarding",Tim Lutero,00:00.0,00:00.0,00:00.0,,Late,LATE,Amber,Thu 26 Mar TLL: Discussions have resumed at the management level and this implementation may restart in the next 2-4 weeks.,"Going Live, Initiating, Building Solutions, Closing (Handing Off), Deploying Studio Apps, Providing Hypercare",,,"TOP 10, ADE: Greg Hartley, ndMAX App Builder Enterprise",,1310820,https://netdocumentsps.guidecx.com/app/projects/565223ed-897a-4aaf-b90b-cf5fc76748c7/plan,https://netdocuments.lightning.force.com/lightning/r/Account/0013000000zpQJKAA2/view,43:03.0,00:50.0,400769.0,Project Complete,9/14/2023 1:35 PM,5/19/2025,5/20/2025,eSentio Technologies,Strategic,NORAM,United States,Legal,Law Firms & Legal Services,3500.0,2845402.32,1310820.0,3500.0,2845402.32,1.0,Legacy bundle,ndMAX Enterprise (AI300),Michael Pennington,Brian Hall,2026-09-14,"OpenText (eDocs, Hummingbird, DM DocsOpen)",Active,NetDocuments,2026-09-14,1310820.0,3500.0,True,True
Briffa Legal,Briffa Legal AI PS Onboarding,Stephanie Klahre,00:00.0,00:00.0,00:00.0,,On Time,IN_PROGRESS,Green,"4/03/26 - Weekly meeting held 4/2. Team reviewed AI instruction generation workflow, WIPO estimator for up to 20 designations, and UK fee updates. Adam working on static tables for top country combinations. - SK",1 - Initiating (BSG),Adam Scott,,"ADE: Adam Scott, ndMAX App Builder Enterprise, No LC - PM Only",,12239,https://netdocumentsps.guidecx.com/app/projects/0d1d75d6-6eb8-4bce-9b5e-f54277a0ac88/plan,https://netdocuments.lightning.force.com/lightning/r/Account/001Qj00000g0mXWIAY/view,11:09.0,26:06.0,539893.0,Project Complete,6/26/2025 9:05 AM,9/15/2025,9/25/2025,Cintelli Limited,Mid-Market,EMEA,United Kingdom,Legal,Law Firms & Legal Services,25.0,35159.229999999996,13375.79,25.0,35159.229999999996,1.0,Starter DMS (ND100),ndMAX Enterprise (AI300),Ben Edwards,Margo Harris,2027-12-31,Clio,Active,NetDocuments,2027-12-31,13375.79,25.0,False,False
Dobson Mitchell Allport,Dobson Mitchell Allport AI PS Onboarding,Christopher Snead,00:00.0,00:00.0,00:00.0,,Late,LATE,Green,Intro & Planning meeting held. Recap email sent and waiting on ai readiness assessment response. Waiting on client to confirm project team and schedule next session for Studio Apps implementation and AI Profiling taxonomy discussion.,"1 - Initiating (BSG), 4 - Training (B), 5 - Hypercare & Closing, 2 - Deploying Assistant & Apps (B), 3 - Building Solutions (B)",Andrew Mecham,,"ndMAX AI Assistant, LC: Christopher Snead, ndMAX App Builder Enterprise, ADE: Andrew Mecham",,35657,https://netdocumentsps.guidecx.com/app/projects/13e31be6-6cee-4728-8c02-8aa5d3989064/plan,https://netdocuments.gainsightcloud.com/v1/ui/customersuccess360?cid=1P024N36MHX8AG185R0PVJU1QDHY3BCW79LK#/ff271e50-a5e3-40f8-9058-3b02b3ea2833,54:22.0,14:23.0,,,,,,,,,,,,,,,,,,,,,,,,,,,,,False,False
VJT & Partners Law Firm,VJT Partners AI PS Onboarding,Christopher Snead,00:00.0,00:00.0,00:00.0,,On Hold,ON_HOLD,Green,"DK meeting with client every week, currently working on how to customize desired studio apps.","Deploying Studio Apps, Building Solutions, Initiating, Providing Hypercare, Closing (Handing Off), Going Live",David Kero,,"LC: Christopher Snead, ndMAX App Builder Enterprise, ADE: David Kero",,8561,https://netdocumentsps.guidecx.com/app/projects/499489d7-a05b-4893-95db-2f19ad98d7d6/plan,https://netdocuments.lightning.force.com/lightning/r/Account/001Qj00000M2VuUIAV/view,28:08.0,04:37.0,525146.0,Project Complete,4/30/2025 1:05 PM,8/4/2025,9/9/2025,Cintelli Limited,Small-Market,EMEA,Hungary,Legal,Law Firms & Legal Services,15.0,19653.11,8687.59,15.0,19653.11,1.0,Starter DMS (ND100),ndMAX Enterprise (AI300),Ben Edwards,Ari Adams,2028-08-01,Folders/Shared Drive/None,Active,NetDocuments,2028-08-01,8687.59,15.0,False,True
Farrer & Co,Farrer & Co AI PS Onboarding,Stephanie Klahre,00:00.0,00:00.0,00:00.0,,Late,LATE,Green,4/03/26 - Greg Hartley scheduling onsite for April 15 for use case review and app co-building. - SK,"Going Live, Closing (Handing Off), Training/Co-Building, Building Solutions, Deploying Studio Apps, Initiating, Providing Hypercare",Greg Hartley,,"ADE: Greg Hartley, ndMAX App Builder Enterprise, LC: Stephanie Klahre",,93407,https://netdocumentsps.guidecx.com/app/projects/bba8c3b4-a503-49d4-b197-7b4cd2360b78/plan,https://netdocuments.lightning.force.com/lightning/r/Account/001a000001QFJhaAAH/view,39:49.0,57:29.0,,,,,,,Strategic,EMEA,United Kingdom,Legal,Law Firms & Legal Services,668.0,349058.14,88665.78,668.0,349058.14,1.0,[DM standalone],App Builder (AI200),Josh White,Lydia Morris,2026-12-21,"OpenText (eDocs, Hummingbird, DM DocsOpen)",Active,NetDocuments,2026-12-21,88665.78,66.0,False,True
Kennedy Van der Laan,Kennedy Van der Laan AI PS Onboarding,Stephanie Klahre,00:00.0,00:00.0,00:00.0,,On Time,IN_PROGRESS,Green,,"1 - Initiating (BSG), 2 - Deploying Assistant & Apps (GP), 4 - Training (SGP), 3 - Building Solutions (SGP)",,,"ADE: Andrew Mecham, LC: Stephanie Klahre",,131862,https://netdocumentsps.guidecx.com/app/projects/3c472da1-9cf3-4196-9a58-16220f1a2cb4/plan,,51:43.0,52:17.0,,,,,,,,,,,,,,,,,,,,,,,,,,,,,False,True
The Greenbrier Companies,The Greenbrier Companies AI PS Onboarding,Christopher Snead,00:00.0,,00:00.0,,On Time,IN_PROGRESS,Green,"Client is still exploring apps, and using AI Assistant some, client's IT has not given AM the necessary access to set up their apps, meeting set for next week to resolve","4 - Training (B), 2 - Deploying Assistant & Apps (B), 1 - Initiating (BSG), 3 - Building Solutions (B), 5 - Hypercare & Closing, Project Plan",Andrew Mecham,,"ndMAX App Builder Enterprise, LC: Christopher Snead, ADE: Andrew Mecham",,8101,https://netdocumentsps.guidecx.com/app/projects/8d6d2733-c33b-48b2-abe5-7327b012590c/plan,https://netdocuments.lightning.force.com/lightning/r/Account/0014Q00002Qx4dWQAR/view,41:18.0,05:24.0,403708.0,Project Complete,9/29/2023 3:35 PM,12/2/2024,12/3/2024,Element Technologies LLC,Corporate,NORAM,United States,Corporate/Commercial,Manufacturing,11.0,29850.96,8100.84,11.0,29850.96,1.0,Legacy bundle,ndMAX Enterprise (AI300),Tyler Brown,Gayle Raymond,2026-12-15,Folders/Shared Drive/None,Active,NetDocuments,2026-12-15,8100.84,11.0,False,False
Leathes Prior Solicitors,Leathes Prior Solicitors AI PS Onboarding,Stephanie Klahre,00:00.0,00:00.0,00:00.0,,On Hold,ON_HOLD,Green,4/03/26 - DM went live March 25. Email sent to AE Harry Wheeler to confirm status and get client contact. No engineer assigned yet. - SK,"Closing (Handing Off), Deploying Studio Apps, Building Solutions, Going Live, Initiating, Providing Hypercare",,,"LC: Stephanie Klahre, Partner Eligible, Unassigned",,47800,https://netdocumentsps.guidecx.com/app/projects/6ef9cd06-01c8-4ae5-94ac-aea3e5440914/plan,https://netdocuments.lightning.force.com/lightning/r/Account/0014Q00002WO43oQAD/view,27:02.0,00:08.0,532955.0,Project Complete,6/6/2025 11:50 AM,3/23/2026,3/25/2026,Accesspoint Legal Services Ltd,Mid-Market,EMEA,United Kingdom,Legal,Law Firms & Legal Services,128.0,108620.63,46006.62,128.0,108620.63,1.0,Starter DMS (ND100),App Builder (AI200),Harry Wheeler,Margo Harris,2027-04-01,P4W,Active,NetDocuments,2027-04-01,46006.62,88.0,False,False
G+T Service Company Pty Ltd (Gilbert + Tobin),G+T Service Company Pty Ltd (Gilbert + Tobin) AI PS Onboarding,Tim Lutero,00:00.0,00:00.0,00:00.0,,Late,LATE,Red,Thu 26 Mar TLL: Studio apps deployed; custom profiling being performed by Verlata. Other efforts are complicated by requested product features and a preference by the customer to leverage MCP connections from their own AI models.,"Closing (Handing Off), Building Solutions, Deploying Studio Apps, Providing Hypercare, Initiating, Going Live",Brandon Hill,,"ADE: Brandon Hill, ndMAX App Builder Enterprise, TOP 10",,349583,https://netdocumentsps.guidecx.com/app/projects/f0b319a0-b345-48d9-abca-0e48c6bd44f3/plan,https://netdocuments.lightning.force.com/lightning/r/Account/0013000000zpQY9AAM/view,08:40.0,58:11.0,15093.0,Project Complete,8/3/2018 5:41 PM,,10/13/2022,,Strategic,APAC,Australia,Legal,Law Firms & Legal Services,1187.0,1366231.73,327717.02,1187.0,1366231.73,1.0,Core DMS (ND200),ndMAX Enterprise (AI300),Azan Iwasaki,Martin Horton,2026-11-17,iManage_Unknown,Active,NetDocuments,2026-11-17,314737.02,1140.0,True,True
NORMAN WATERHOUSE,NORMAN WATERHOUSE AI PS Onboarding,Staci VanderPol,00:00.0,00:00.0,00:00.0,,Late,LATE,Green,,"Deploying Studio Apps, Building Solutions, Providing Hypercare, Closing (Handing Off), Going Live, Initiating",Brandon Hill,,"ndMAX App Builder Enterprise, ADE: Brandon Hill, LC: Staci VanderPol, TOP 10",,60851,https://netdocumentsps.guidecx.com/app/projects/4c6c26dd-cfb7-4be5-bc20-f04e7cda251d/plan,https://netdocuments.lightning.force.com/lightning/r/Account/001a000001kiE9bAAE/view,13:25.0,06:25.0,460526.0,Project Complete,6/6/2024 5:35 AM,3/17/2025,3/24/2025,Verlata Consulting,Mid-Market,APAC,Australia,Legal,Law Firms & Legal Services,110.0,121000.01999999999,65531.92,110.0,121000.01999999999,1.0,Legacy bundle,ndMAX Enterprise (AI300),Azan Iwasaki,Martin Horton,2026-11-30,FWBS MatterSphere,Active,NetDocuments,2026-11-30,65531.92,110.0,False,False
British Columbia Investment Management Corporation (BCI),British Columbia Investment Management Corporation (BCI) AI PS Onboarding,Christopher Snead,00:00.0,00:00.0,00:00.0,,Late,LATE,Green,"Studio apps imported, AM is scheduling pilot group training now","2 - Deploying Assistant & Apps (S), 4 - Training (SGP), 1 - Initiating (BSG), 3 - Building Solutions (SGP), 5 - Hypercare & Closing",Andrew Mecham,,"ADE: Andrew Mecham, LC: Christopher Snead",,44990,https://netdocumentsps.guidecx.com/app/projects/40ba6f0c-ed41-49a7-ae2c-73f026141037/plan,https://netdocuments.lightning.force.com/lightning/r/Account/0014Q00002JQM8IQAX/view,52:32.0,06:50.0,376048.0,Project Complete,5/25/2023 12:15 PM,3/6/2023,5/30/2023,Affinity Consulting Group,Corporate,NORAM,Canada,Corporate/Commercial,Finance,86.0,185874.75,48583.38,86.0,185874.75,1.0,Core DMS (ND200),ndMAX Enterprise (AI300),Tyler Brown,Andrea Pinkston,2028-10-01,NetDocuments,Active,NetDocuments,2028-10-01,48583.38,86.0,False,True
Sackers LLP,Sackers LLP AI PS Onboarding,Christopher Snead,00:00.0,00:00.0,00:00.0,,Late,LATE,Green,Client due to begin ai profiling implementation shortly.,"3 - Building Solutions (B), Deploying Studio Apps, Initiating, Building Solutions",Emilio Campos,,"ADE: Emilio Campos, LC: Christopher Snead, ndMAX App Builder Enterprise",,37910,https://netdocumentsps.guidecx.com/app/projects/589d100d-f927-4eac-8a0f-b1ccaaa414b2/plan,https://netdocuments.lightning.force.com/lightning/r/Account/001a000001aDWM3AAO/view,09:41.0,55:53.0,,,,,,,Mid-Market,EMEA,United Kingdom,Legal,Law Firms & Legal Services,124.0,196984.65999999997,60524.63999999999,124.0,166731.8,0.8464202237879843,Core DMS (ND200),ndMAX Enterprise (AI300),Josh White,Lydia Morris,2029-04-02,iManage_Unknown,Active,NetDocuments,2026-04-02,19863.739999999998,16.0,False,True
Davis Wright Tremaine LLP,Davis Wright Tremaine LLP AI PS Onboarding,Tim Lutero,00:00.0,00:00.0,00:00.0,,Late,LATE,Green,"Fri 10 Apr TLL: AI Assistant deployed; multiple Studio and AppBuilder apps live. OSHA Complaint Process app in active development — metadata sync resolved at 30-min intervals, lookup frequency pending final testing. One app stalled due to stakeholder disengagement. Profiling in progress. Value team handoff underway.","Closing (Handing Off), Going Live, Initiating, Building Policy Generator, Providing Hypercare, Deploying Studio Apps",Brandon Hill,Chris Fernelius,"ADE: Brandon Hill, ndMAX App Builder Enterprise, TOP 10",,389672,https://netdocumentsps.guidecx.com/app/projects/95873700-9a12-49ac-8628-1d5f9940b70e/plan,https://netdocuments.lightning.force.com/lightning/r/Account/0013000000zpQFcAAM/view,56:13.0,57:33.0,45864.0,Project Complete,12/6/2021 5:18 PM,,,,Strategic,NORAM,United States,Legal,Law Firms & Legal Services,1439.0,1442224.8,486094.19999999995,1439.0,1442224.8,1.0,Legacy bundle,ndMAX Enterprise (AI300),Kyle Duncan,Brian Hall,2027-03-14,iManage_Unknown,Active,NetDocuments,2026-03-14,409596.96,1439.0,True,False
Forsters LLP,Forsters AI PS Onboarding,Stephanie Klahre,00:00.0,00:00.0,00:00.0,,Late,LATE,Green,4/03/26 - No change since last update. Customer is fully engaged with Greg in app building. - SK,Barebones Project Plan,Greg Hartley,,"LC: Stephanie Klahre, ADE: Greg Hartley, No LC - PM Only, PatternBuilder (w/o AI)",,72000,https://netdocumentsps.guidecx.com/app/projects/184d7048-b881-41ba-b4f5-ba0673fa7175/plan,https://netdocuments.lightning.force.com/lightning/r/Account/0013000000zpQa4AAE/view,58:48.0,57:47.0,15662.0,Project Complete,3/27/2019 12:45 PM,10/26/2020,,Verlata Consulting,Strategic,EMEA,United Kingdom,Legal,Law Firms & Legal Services,600.0,470155.43,110980.89000000001,600.0,351451.68,0.747522324691645,Core DMS (ND200),App Builder (AI200),Josh White,Lydia Morris,2028-09-30,Folders/Shared Drive/None,Active,NetDocuments,2028-09-30,110980.89,60.0,True,False
Nidec,Nidec AI PS Onboarding,Amir Mustafa,00:00.0,,,,On Time,IN_PROGRESS,Green,,Project Plan,,,Unassigned,,13500,https://netdocumentsps.guidecx.com/app/projects/f692aa61-c926-4464-a081-026dd4af654d/plan,https://netdocuments.lightning.force.com/lightning/r/Account/001Qj00000FavHKIAZ/view,06:46.0,15:01.0,542203.0,Design and Build,6/30/2025 1:20 PM,12/31/2026,,Element Technologies LLC,Corporate,NORAM,United States,Corporate/Commercial,Manufacturing,25.0,35109.0,13500.0,25.0,35109.0,1.0,Starter DMS (ND100),ndMAX Enterprise (AI300),Preston Biermann,Dan Riggsby,2028-06-30,Folders/Shared Drive/None,Active,NetDocuments,2028-06-30,13500.0,25.0,False,False
RWV Advocaten,RWV Advocaten AI PS Onboarding,Amir Mustafa,00:00.0,,,,On Time,IN_PROGRESS,Red,Project Unassigned - TBD,Project Plan,,,Unassigned,,22432,https://netdocumentsps.guidecx.com/app/projects/0b91ae5a-b22b-42b2-a0e0-36498cdb31c9/plan,https://netdocuments.lightning.force.com/lightning/r/Account/001Qj00000AJxR5IAL/view,02:43.0,03:27.0,566659.0,Design and Build,10/23/2025 8:08 AM,5/29/2026,,Harbor (formerly Encoretech Inc.),Mid-Market,EMEA,Netherlands,Legal,Law Firms & Legal Services,45.0,48612.41,22431.72,45.0,48612.41,1.0,Legacy bundle,ndMAX Enterprise (AI300),Harry Wheeler,Margo Harris,2029-04-01,Folders/Shared Drive/None,Active,NetDocuments,2029-04-01,22431.72,45.0,False,False
Marshalls+Dent+Wilmoth Lawyers,Marshalls+Dent+Wilmoth Lawyers AI PS Onboarding,Tim Lutero,00:00.0,,00:00.0,,On Time,IN_PROGRESS,Green,Fri 10 Apr TLL: Project in kickoff phase; initial client meeting held April 6 with IT Consultant Kim Heaney. DM go-live targeted April 13 via Verlata APAC. Assistant demo and configuration will occur after go-live; will ping customer PM the first week of May if she doesn't reach out before then.,Enterprise ndMAX Implementation,,,"PM: Tim Lutero, Unassigned, LC: Christopher Snead",,45658,https://netdocumentsps.guidecx.com/app/projects/ccf238a3-fc9e-4cbb-8803-5af234081d7f/plan,https://netdocuments.lightning.force.com/lightning/r/Account/001a000001kiEB3AAM/view,01:25.0,06:55.0,569810.0,Production Rollout,11/4/2025 10:22 PM,4/13/2026,,Verlata Consulting,Mid-Market,APAC,Australia,Legal,Law Firms & Legal Services,80.0,88510.60999999999,45657.869999999995,80.0,88510.60999999999,1.0,Core DMS (ND200),ndMAX Enterprise (AI300),Christina Murphy,Kaytlin Ochs,2028-03-31,Lexis Affinity,Active,NetDocuments,2028-03-31,45657.869999999995,80.0,False,True
City of Phoenix - Law Department,City of Phoenix - Law Department AI PS Onboarding,Stephanie Klahre,00:00.0,,,,On Time,IN_PROGRESS,Green,4/03/26 - Client confirmed they will import apps by April 8. Sent demo time options for week of April 13. - SK,Project Plan,Nikki Patel,Chris Fernelius,"LC: Stephanie Klahre, ADE: Nikki Patel",,127008,https://netdocumentsps.guidecx.com/app/projects/cbf13535-2165-4f9f-b949-3fb658e43c30/plan,https://netdocuments.lightning.force.com/lightning/r/Account/0014Q00002Qwvy2QAB/view,56:05.0,51:00.0,585020.0,SOW Pending,1/21/2026 6:55 PM,,,NetDocuments Professional Services,Public Sector,NORAM,United States,Public Sector,Local,240.0,330192.0,127008.0,240.0,249984.0,0.7570867858700393,Core DMS (ND200),ndMAX Enterprise (AI300),Tyler Brown,Andrea Pinkston,2031-01-13,iManage On-Prem,Active,NetDocuments,,,,False,True
Schoups,Schoups AI PS Onboarding,Amir Mustafa,00:00.0,,,,On Hold,ON_HOLD,Green,"DMS go live is set for 7/8/2026, they are interested in having an intro and planning meeting sometime around 6/15/2026",Project Plan,,,"PM: Tim Lutero, LC: Christopher Snead, Unassigned",,55517,https://netdocumentsps.guidecx.com/app/projects/98dfc84a-dc58-48a0-ba07-61c859f87587/plan,https://netdocuments.lightning.force.com/lightning/r/Account/001Dm00000DppKhIAJ/view,10:56.0,03:32.0,572590.0,Design and Build,11/17/2025 5:57 PM,7/8/2026,,Harbor (formerly Encoretech Inc.),Mid-Market,EMEA,Belgium,Legal,Law Firms & Legal Services,115.0,126912.41999999998,55517.24,1.0,,0.0,Core DMS (ND200),ndMAX Enterprise (AI300),Harry Wheeler,[No data],2028-08-03,Kleos,Pending,NetDocuments,2028-08-03,55517.24,115.0,False,True
Vinson & Elkins LLP,Vinson & Elkins LLP AI PS Onboarding,Tim Lutero,00:00.0,,00:00.0,,On Time,IN_PROGRESS,Green,Fri 10 Apr TLL: AI Assistant in early training with deployment date pending; AppBuilder (contract management) awaiting client use case document. Smart Answers enabled in a test cabinet. Profiling discussions in progress.,Enterprise ndMAX Implementation,Nikki Patel,Chris Fernelius,ADE: Nikki Patel,,630000,https://netdocumentsps.guidecx.com/app/projects/a33bc2c9-2ee3-485f-95f7-f6abcb995742/plan,https://netdocuments.lightning.force.com/lightning/r/Account/0013000000zpQL9AAM/view,26:40.0,10:37.0,274964.0,Project Complete,12/20/2021 4:36 PM,5/1/2023,5/1/2023,eSentio Technologies,Strategic,NORAM,United States,Legal,Law Firms & Legal Services,1500.0,1360080.0,630000.0,1500.0,1022040.0,0.7514557967178401,Legacy bundle,ndMAX Enterprise (AI300),Kyle Duncan,Bobby Tindel,2028-01-01,iManage On-Prem,Active,NetDocuments,2028-01-01,630000.0,1500.0,True,True
Ray Quinney & Nebeker PC,Ray Quinney & Nebeker PC AI PS Onboarding,Amir Mustafa,00:00.0,,,,On Time,IN_PROGRESS,Green,Project Unassigned - TBD,Project Plan,,,Unassigned,,67200,https://netdocumentsps.guidecx.com/app/projects/40799e68-cc72-4401-ad93-7059c003158c/plan,https://netdocuments.lightning.force.com/lightning/r/Account/0013000000zpQdTAAU/view,05:27.0,21:24.0,539540.0,Project Complete,6/25/2025 4:05 PM,4/13/2026,4/13/2026,Element Technologies LLC,Strategic,NORAM,United States,Legal,Law Firms & Legal Services,182.0,183435.0,69888.0,182.0,183435.0,1.0,Core DMS (ND200),ndMAX Enterprise (AI300),Ryan Tanner,Andrea Pinkston,2027-12-31,"OpenText (eDocs, Hummingbird, DM DocsOpen)",Active,NetDocuments,2027-12-31,69888.0,182.0,False,False
Lexence,Lexence AI PS Onboarding,Christopher Snead,00:00.0,00:00.0,00:00.0,,On Hold,ON_HOLD,Amber,"Emailed the account's POC and Knowledge Manager to try once again to begin implementation, waiting for a response","Closing (Handing Off), Going Live, Training/Co-Building, Building Solutions, Providing Hypercare, Deploying Studio Apps, Initiating",Nikki Patel,,"ADE: Nikki Patel, LC: Christopher Snead, TOP 10",,58000,https://netdocumentsps.guidecx.com/app/projects/9d6a4d6d-7981-4906-92ea-eeb656fc72c0/plan,https://netdocuments.lightning.force.com/lightning/r/Account/001Qj000009mmjaIAA/view,11:15.0,03:52.0,511049.0,Project Complete,2/24/2025 12:20 PM,9/29/2025,10/3/2025,Verlata Consulting,Strategic,EMEA,Netherlands,Legal,Law Firms & Legal Services,220.0,161586.2,72827.58,220.0,161586.2,1.0,Legacy bundle,ndMAX Enterprise (AI300),Harry Wheeler,Lydia Morris,2026-12-31,iManage On-Prem,Active,NetDocuments,2026-12-31,71503.45000000001,216.0,False,False
Wallace,Wallace AI PS Onboarding,Amir Mustafa,00:00.0,,,,On Time,IN_PROGRESS,Green,"Thu 19 Mar TLL: APAC Customer just went live on DM. $33K ndMAX ARR, 18 PS hours.",Project Plan,,,Unassigned,,33019,https://netdocumentsps.guidecx.com/app/projects/ba50fc8a-73d5-4c7f-a030-09080101c18e/plan,https://netdocuments.lightning.force.com/lightning/r/Account/001Qj00000bn733IAA/view,53:06.0,09:18.0,534319.0,Project Complete,6/13/2025 8:50 AM,3/16/2026,3/17/2026,Verlata Consulting,Mid-Market,EMEA,United Kingdom,Legal,[No data],80.0,77020.14,36687.9,80.0,77020.14,1.0,Core DMS (ND200),ndMAX Enterprise (AI300),Sam Dobson,Margo Harris,2031-03-02,iManage On-Prem,Active,NetDocuments,2031-03-02,33019.11,72.0,False,False
Garfias y Cía Sociedad de Profesionales Ltda.,Garfias y Cía Sociedad de Profesionales Ltda. AI PS Onboarding,Stephanie Klahre,00:00.0,,,,On Time,IN_PROGRESS,Red,4/03/26 - Met with Daniela Bird this week. Waiting for doc types for Summarize app and sample contract/extraction items for Extract app. - SK,Project Plan,David Kero,,"LC: Stephanie Klahre, ADE: David Kero",,9180,https://netdocumentsps.guidecx.com/app/projects/298bc241-c75b-40a4-9119-7e96759bd7ec/plan,https://netdocuments.lightning.force.com/lightning/r/Account/001Qj00000p3yDcIAI/view,26:32.0,40:30.0,556474.0,Project Complete,9/10/2025 9:56 AM,12/22/2025,12/21/2025,Pulsar Ingeniería Ltda.,Small-Market,LATAM,Chile,Legal,[No data],17.0,18543.6,9180.0,17.0,18543.6,1.0,Starter DMS (ND100),ndMAX Enterprise (AI300),Lucas Germenink,Ari Adams,2027-02-27,Sharepoint,Active,NetDocuments,2027-02-27,9180.0,17.0,False,True
Miles & Stockbridge,Miles & Stockbridge AI PS Onboarding,Staci VanderPol,00:00.0,00:00.0,00:00.0,,On Time,IN_PROGRESS,Green,,"2 - Deploying Assistant & Apps (GP), 5 - Hypercare & Closing, 1 - Initiating (P), 4 - Training (SGP), 3 - Building Solutions (SGP), Closing (Handing Off)",Nikki Patel,,"LC: Staci VanderPol, ADE: Jamesson Keese, ADE: Nikki Patel",,224361,https://netdocumentsps.guidecx.com/app/projects/c3af1d05-fa73-4b15-a7fb-fa92a4e03ae4/plan,https://netdocuments.lightning.force.com/lightning/r/Account/0013000000zpQFvAAM/view,14:04.0,14:47.0,11417.0,Project Complete,3/27/2018 3:42 PM,3/2/2018,,,Strategic,NORAM,United States,Legal,Law Firms & Legal Services,430.0,656016.0000000001,224356.8,430.0,496107.6000000001,0.7562431404112094,Legacy bundle,ndMAX Enterprise (AI300),TJ Sumner,McKenzie Mayer,2027-01-02,"OpenText (eDocs, Hummingbird, DM DocsOpen)",Active,NetDocuments,2027-01-02,224356.8,430.0,True,True
Koval Strategy SC,Koval Strategy SC AI PS Onboarding,Amir Mustafa,00:00.0,,,,On Time,IN_PROGRESS,Red,,Project Plan,,,Unassigned,,8100,https://netdocumentsps.guidecx.com/app/projects/62e2a93a-f7b7-45c8-a5e7-274f7dacf789/plan,https://netdocuments.lightning.force.com/lightning/r/Account/001Qj00000pnyyYIAQ/view,52:43.0,58:11.0,557415.0,SOW Pending,9/15/2025 6:21 PM,,,FINANXIAL IT,Small-Market,LATAM,Mexico,Legal,[No data],15.0,16200.0,8100.0,1.0,,0.0,Starter DMS (ND100),ndMAX Enterprise (AI300),Lucas Germenink,[No data],2027-05-31,Folders/Shared Drive/None,Pending,NetDocuments,2027-05-31,8100.0,15.0,False,False
Hedrick Gardner Kincheloe & Garofalo LLP,Hedrick Gardner Kincheloe & Garofalo LLP AI PS Onboarding,Stephanie Klahre,00:00.0,,00:00.0,,On Time,IN_PROGRESS,Green,4/03/26 - No change since last update. Customer added to Editor Private Preview. - SK,"1 - Initiating (BSG), 5 - Hypercare & Closing, 3 - Building Solutions (SGP)",Tyler Graf,,"LC: Stephanie Klahre, ndMAX App Builder Enterprise, ADE: Tyler Graf",,118800,https://netdocumentsps.guidecx.com/app/projects/c454f0be-5ae2-45ee-83c3-71b98cf7ae22/plan,https://netdocuments.lightning.force.com/lightning/r/Account/0013000000zpQUZAA2/view,41:09.0,05:19.0,360722.0,Project Complete,3/31/2023 11:16 AM,8/28/2023,9/10/2023,3545 Consulting-Global,Strategic,NORAM,United States,Legal,Law Firms & Legal Services,220.0,234960.0,118800.0,220.0,234960.0,1.0,Legacy bundle,ndMAX Enterprise (AI300),Ryan Tanner,Andrea Pinkston,2026-12-01,PerfectLaw,Active,NetDocuments,2026-12-01,118800.0,220.0,True,True
O'Shaughnessy Holding (OHC),O'Shaughnessy Holding (OHC) AI PS Onboarding,Amir Mustafa,00:00.0,,,,On Time,IN_PROGRESS,Red,,Project Plan,,,"ndMAX App Builder Enterprise, Unassigned",,8101,https://netdocumentsps.guidecx.com/app/projects/94e416cd-ad22-4926-91fd-d398f8efa302/plan,https://netdocuments.lightning.force.com/lightning/r/Account/0010c000020JdrdAAC/view,46:09.0,19:07.0,15454.0,Project Complete,12/31/2018 2:32 PM,12/27/2022,12/27/2022,,Corporate,NORAM,United States,Corporate/Commercial,Holding Companies & Conglomerates,10.0,24726.000000000004,8101.2,10.0,24726.000000000004,1.0,Core DMS (ND200),ndMAX Enterprise (AI300),Tyler Brown,Dan Riggsby,2026-09-20,Folders/Shared Drive/None,Active,NetDocuments,2026-09-20,8101.200000000001,10.0,False,False
Wisewould Mahony,Wisewould Mahony AI PS Onboarding,Staci VanderPol,00:00.0,00:00.0,00:00.0,,On Hold,ON_HOLD,Green,,"Deploying Studio Apps, Building Solutions, Providing Hypercare, Closing (Handing Off), Going Live, Initiating, Training/Co-Building",Brandon Hill,,"TOP 10, ADE: Brandon Hill, LC: Staci VanderPol",,67736,https://netdocumentsps.guidecx.com/app/projects/eaeaa251-bdd8-46c3-afde-1cb9fc6dcd95/plan,https://netdocuments.lightning.force.com/lightning/r/Account/001a000001kiECfAAM/view,18:50.0,58:13.0,464577.0,Project Complete,6/27/2024 9:50 PM,11/18/2024,11/18/2024,InPlace Solutions,Strategic,APAC,Australia,Legal,Law Firms & Legal Services,150.0,160761.69,68502.13,150.0,160761.69,1.0,Core DMS (ND200),ndMAX Enterprise (AI300),Azan Iwasaki,Martin Horton,2026-12-31,iManage On-Prem,Active,NetDocuments,2026-12-31,68502.13,150.0,False,False
Walter Baden,Walter Baden AI PS Onboarding,Amir Mustafa,00:00.0,00:00.0,00:00.0,,Late,LATE,Red,,"Closing (Handing Off), Initiating, Providing Hypercare, Building Solutions, Deploying Studio Apps, Going Live",,,ndMAX App Builder Enterprise,,12069,https://netdocumentsps.guidecx.com/app/projects/73c04f2f-4434-4706-bdd2-706eb55efe4a/plan,https://netdocuments.lightning.force.com/lightning/r/Account/0010c000029BVfQAAW/view,42:32.0,07:24.0,15897.0,Project Complete,6/7/2019 4:17 AM,7/4/2019,,Verlata Consulting,Small-Market,APAC,Australia,Legal,Law Firms & Legal Services,11.0,19450.809999999998,8559.4,11.0,15710.81,0.8077200898060287,[DM standalone],ndMAX Enterprise (AI300),Matt Rupp,Ari Adams,2027-07-31,Folders/Shared Drive/None,Active,NetDocuments,2027-07-31,8559.4,11.0,False,False
Maynard O'Connor Smith & Catalinotto Llp,Maynard O'Connor Smith & Catalinotto Llp AI PS Onboarding,Amir Mustafa,00:00.0,,,,On Time,IN_PROGRESS,Red,,Project Plan,,,Unassigned,,12629,https://netdocumentsps.guidecx.com/app/projects/4ba0f055-4b46-4bf5-b3cf-4965a00a5480/plan,https://netdocuments.lightning.force.com/lightning/r/Account/0010c00001unQcjAAE/view,36:13.0,06:31.0,413525.0,Project Complete,11/15/2023 4:35 PM,4/15/2024,4/15/2024,Legal Software Connection,Mid-Market,NORAM,United States,Legal,Law Firms & Legal Services,31.0,37568.04,12450.599999999999,31.0,37568.04,1.0,Legacy bundle,App Builder (AI200),Jorgen Gray,Colin Garvey,2027-04-01,Worldox,Active,NetDocuments,2026-04-01,12628.800000000001,15.0,False,False
Allende & Brea,Allende & Brea AI PS Onboarding,Stephanie Klahre,00:00.0,00:00.0,00:00.0,,Late,LATE,Red,4/03/26 - Client agreed to restart engagement from April 10. Waiting for preferred days/times to schedule first call. - SK,"Building App 1: Summarize, Deploying Studio Apps, Building App2: Draft, Closing (Handing Off), Going Live, Providing Hypercare, Initiating",Greg Hartley,,"LC: Stephanie Klahre, ADE: Greg Hartley, TOP 10, ndMAX App Builder Enterprise",,63504,https://netdocumentsps.guidecx.com/app/projects/d7ec3189-98f0-405b-9ca1-343b167ea2d2/plan,https://netdocuments.lightning.force.com/lightning/r/Account/0010c0000258OS3AAM/view,30:28.0,57:05.0,17264.0,Project Complete,9/30/2020 10:08 PM,11/30/2020,,PRONET S.A.C.,Mid-Market,LATAM,Argentina,Legal,Law Firms & Legal Services,138.0,45672.48,0.0,138.0,45672.48,1.0,[DM standalone],ndMAX Enterprise (AI300),Lucas Germenink,Erik Vázquez Mosqueira,2026-12-31,"OpenText (eDocs, Hummingbird, DM DocsOpen)",Active,NetDocuments,,,,False,True
Akin Gump Strauss Hauer & Feld LLP,Akin Gump Strauss Hauer & Feld LLP AI PS Onboarding,Tim Lutero,00:00.0,,00:00.0,,Late,LATE,Green,"Fri 10 Apr TLL: AI Assistant deployed firm-wide; all custom AppBuilder apps live. Auto-profiling underway — 166K+ docs exported, sandbox validation in progress. Smart Answers in DEV configuration. New app requests emerging with ownership TBD.","Building Solutions, Deploying Studio Apps, Closing (Handing Off), Going Live, Initiating",Greg Hartley,Jen Cass,"TOP 10, ndMAX App Builder Enterprise, ADE: Greg Hartley",,750058,https://netdocumentsps.guidecx.com/app/projects/62afd96e-d94f-4f6b-a286-7fa4137bd062/plan,https://netdocuments.lightning.force.com/lightning/r/Account/0013000000zpQEhAAM/view,42:36.0,57:55.0,15156.0,Project Complete,9/10/2018 8:44 AM,10/1/2018,10/12/2022,ND Professional Services - JB Trexler,Strategic,NORAM,United States,Legal,[No data],2222.0,1769002.92,750058.3200000001,2222.0,1769002.92,1.0,Legacy bundle,ndMAX Enterprise (AI300),Michael Pennington,Kevin Schutte,2026-10-02,iManage_Unknown,Active,NetDocuments,2026-10-02,750058.3200000001,2222.0,True,True
Shine Lawyers,Shine Lawyers AIPS Onboarding,Tim Lutero,00:00.0,00:00.0,00:00.0,,Late,LATE,Green,Thu 19 Mar TLL: Assistant training being scheduled. Brandon reviewing documents for AB use cases. Workshop scheduled for 25 March.,"Closing (Handing Off), Building Solutions, Going Live, Providing Hypercare, Deploying Studio Apps, Initiating",Brandon Hill,,"ndMAX App Builder Enterprise, ADE: Brandon Hill, TOP 10",,316596,https://netdocumentsps.guidecx.com/app/projects/34890060-f4a5-4392-9510-35989334c7f6/plan,https://netdocuments.lightning.force.com/lightning/r/Account/001a000001bO5r3AAC/view,53:29.0,58:28.0,494078.0,Project Complete,11/28/2024 12:05 AM,11/24/2025,12/7/2025,Verlata Consulting,Strategic,APAC,Australia,Legal,Law Firms & Legal Services,775.0,554108.53,316595.75,675.0,281546.82,0.508107716731955,Legacy bundle,ndMAX Enterprise (AI300),Azan Iwasaki,Martin Horton,2028-06-30,iManage_Hosted_Hybrid,Active,NetDocuments,2028-06-30,316595.75,775.0,True,True
Aurecon Australasia Pty Ltd,Aurecon Australasia Pty Ltd AI PS Onboarding,Christopher Snead,00:00.0,00:00.0,00:00.0,,Late,LATE,Red,4/2 on a pbMAX promo: Reconnecting with them to determine status of ND University training courses and re-establish PS training,1 - Initiating (BSG),Nikki Patel,,"LC: Christopher Snead, ADE: Nikki Patel",,20949,https://netdocumentsps.guidecx.com/app/projects/74f21d9b-5393-454e-b8f7-488a0462379a/plan,https://nam02.safelinks.protection.outlook.com/?url=https%3A%2F%2Fnetdocuments.lightning.force.com%2Flightning%2Fr%2FAccount%2F0010c000022sctsAAA%2Fview&data=05%7C02%7Camir.mustafa%40netdocuments.com%7C2bbf8b5244024ef95c1308de2853d305%7C8d8705d8e89c47efa2,29:00.0,16:51.0,,,,,,,,,,,,,,,,,,,,,,,,,,,,,False,False
"Kasdorf, Lewis & Swietlik SC","Kasdorf, Lewis & Swietlik SC AI PS Onboarding",Amir Mustafa,00:00.0,,,,On Time,IN_PROGRESS,Red,Project Unassigned - TBD,Project Plan,,,Unassigned,,31574,https://netdocumentsps.guidecx.com/app/projects/37741be2-17ef-4b9f-9567-6624481a072b/plan,https://netdocuments.lightning.force.com/lightning/r/Account/0013000000zpQf6AAE/view,36:59.0,54:49.0,577141.0,Post-Rollout Support,12/10/2025 6:36 PM,3/17/2026,3/17/2026,Inertia Legal,Large-Market,NORAM,United States,Legal,[No data],50.0,66162.0,31572.0,50.0,7182.0,0.10855173664641335,Core DMS (ND200),ndMAX Enterprise (AI300),Craig Hirsty,Ari Adams,2029-04-30,Worldox,Pending,NetDocuments,2029-04-30,31572.0,50.0,False,False
Town Legal LLP,Town Legal LLP AI PS Onboarding,Amir Mustafa,00:00.0,,,,On Time,IN_PROGRESS,Red,Project Unassigned - TBD,Project Plan,,,Unassigned,,36596,https://netdocumentsps.guidecx.com/app/projects/e13fb0b8-1cdf-45b8-8e43-042a9e6b9a54/plan,https://netdocuments.lightning.force.com/lightning/r/Account/0010c000025PfC9AAK/view,20:07.0,04:49.0,570886.0,SOW Pending,11/10/2025 8:56 AM,,,NetDocuments Professional Services,Mid-Market,EMEA,United Kingdom,Legal,Law Firms & Legal Services,70.0,105058.87,36596.17,70.0,63411.99,0.6035853041252014,Core DMS (ND200),ndMAX Enterprise (AI300),Ben Edwards,Margo Harris,2027-11-17,Peppermint,Active,NetDocuments,2027-11-17,36596.17,70.0,False,False
Maslon LLP,Maslon LLP AI PS Onboarding,Christopher Snead,00:00.0,,00:00.0,,On Time,IN_PROGRESS,Green,"Client completed AI Readiness survey (still need to find out what happens once submitted), waiting on information from them to begin scheduling next steps.",Enterprise ndMAX Implementation,Andrew Mecham,,"ADE: Andrew Mecham, ndMAX AI Assistant, LC: Christopher Snead",,75600,https://netdocumentsps.guidecx.com/app/projects/350ce8f7-4f89-46b1-a522-72ac77b46c8a/plan,https://netdocuments.lightning.force.com/lightning/r/Account/0013000000zpQK1AAM/view,59:20.0,09:58.0,,,,,,,Large-Market,NORAM,United States,Legal,Law Firms & Legal Services,150.0,172620.0,75600.0,150.0,172620.0,1.0,Starter DMS (ND100),ndMAX Enterprise (AI300),TJ Sumner,McKenzie Mayer,2028-12-02,"OpenText (eDocs, Hummingbird, DM DocsOpen)",Active,NetDocuments,2028-12-02,75600.0,150.0,False,True
Henkel AG & Co. KGaA,Henkel AG & Co. KGaA AI PS Onboarding,Stephanie Klahre,00:00.0,,,,On Time,IN_PROGRESS,Green,4/03/26 - Email sent to AE Mike Creffield to confirm DM status. Sales handoff call scheduled for Tuesday. DM expected go-live April 12. - SK,Project Plan,Adam Scott,,"LC: Stephanie Klahre, ADE: Adam Scott",,200721,https://netdocumentsps.guidecx.com/app/projects/85f21b98-26d8-4660-baf1-a44b501d5498/plan,https://netdocuments.lightning.force.com/lightning/r/Account/001Dm0000037pI1IAI/view,06:21.0,34:29.0,541817.0,Project on Hold,6/30/2025 5:20 AM,6/12/2026,,Consilio Global (UK) Limited  (SYKE),Corporate,EMEA,Germany,Corporate/Commercial,Manufacturing,200.0,219558.63,89406.9,200.0,130151.73,0.5927880402605901,Core DMS (ND200),ndMAX Enterprise (AI300),Mike Creffield,Lydia Morris,2028-10-31,Sharepoint,Active,NetDocuments,2028-10-31,89406.9,200.0,False,False
Ploum Rotterdam Law Firm,Ploum Rotterdam Law Firm AI PS Onboarding,Stephanie Klahre,00:00.0,00:00.0,00:00.0,,Late,LATE,Green,4/03/26 - Greg sent Word Editor preview to Coert. Actively working on custom app with customer. - SK,"Initiating, Providing Hypercare, Building an App, Deploying Studio Apps, Going Live, Closing (Handing Off)",Greg Hartley,,"LC: Stephanie Klahre, ADE: Greg Hartley, ndMAX App Builder (Non-Enterprise)",,25672,https://netdocumentsps.guidecx.com/app/projects/a44a7fe7-82e9-4509-ba52-0bb08bc013ac/plan,https://netdocuments.lightning.force.com/lightning/r/Account/001a000001StyJCAAZ/view,29:11.0,56:11.0,,,,,,,Strategic,EMEA,Netherlands,Legal,Law Firms & Legal Services,181.0,146905.65,25673.1,181.0,146905.65,1.0,[DM standalone],App Builder (AI200),Josh White,Lydia Morris,2026-06-09,Folders/Shared Drive/None,Active,NetDocuments,2026-06-09,25673.100000000002,20.0,False,False
GSK Stockmann,GSK Stockmann AI PS Onboarding,Stephanie Klahre,00:00.0,,00:00.0,,On Time,IN_PROGRESS,Green,4/03/26 - DM still at SOW Pending with no go-live date. Will check in with AE Mike Creffield during Henkel handoff Tuesday. - SK,Enterprise ndMAX Implementation,Andrew Mecham,,"ADE: Andrew Mecham, LC: Stephanie Klahre",,193579,https://netdocumentsps.guidecx.com/app/projects/ac838abf-3a8e-4b43-8e51-8ec1c2a69969/plan,https://netdocuments.lightning.force.com/lightning/r/Account/0014Q00002NxSclQAF/view,33:14.0,17:29.0,588222.0,Initiation,2/5/2026 12:32 PM,9/1/2026,,Consilio Global (UK) Limited  (SYKE),Strategic,EMEA,Germany,Legal,Law Firms & Legal Services,550.0,477855.17,189655.16999999998,1.0,,0.0,Core DMS (ND200),ndMAX Enterprise (AI300),Mike Creffield,[No data],2029-12-31,Proprietary,Pending,NetDocuments,,,,False,False
Toll Brothers,Toll Brothers AI PS Onboarding,Christopher Snead,00:00.0,00:00.0,00:00.0,,Late,LATE,Green,Meeting held 3/27 to discuss customer's feedback re: NDA Generator App. EC to revise app over the next few weeks,"Initiating, 2 - Deploying Assistant & Apps (B), 3 - Building Solutions (B)",Emilio Campos,,"ADE: Emilio Campos, ndMAX App Builder Enterprise, LC: Christopher Snead",,27540,https://netdocumentsps.guidecx.com/app/projects/a849525d-2fbe-4249-bf19-c6f06507d02b/plan,https://netdocuments.lightning.force.com/lightning/r/Account/0010c00001xbM8MAAU/view,31:15.0,55:49.0,493797.0,Project Complete,11/26/2024 5:20 PM,9/15/2025,9/15/2025,Element Technologies LLC,Corporate,NORAM,United States,Corporate/Commercial,Construction,58.0,76914.95999999999,31320.0,58.0,76914.95999999999,1.0,Legacy bundle,ndMAX Enterprise (AI300),Amanda Byrd,Colin Garvey,2026-12-31,Folders/Shared Drive/None,Active,NetDocuments,2026-12-31,31320.0,58.0,False,True
Fieger Law,Fieger Law AI PS Onboarding,Amir Mustafa,00:00.0,,,,On Time,IN_PROGRESS,Red,Project Unassigned - TBD,Project Plan,,,Unassigned,,51603,https://netdocumentsps.guidecx.com/app/projects/608c7aa4-2d74-43d1-ad93-8395c14be8b5/plan,https://netdocuments.lightning.force.com/lightning/r/Account/001a000001jQzA4AAK/view,33:53.0,59:53.0,579254.0,Design and Build,12/17/2025 6:33 PM,6/1/2026,,Millennium IT,Large-Market,NORAM,United States,Legal,[No data],90.0,119707.2,51602.399999999994,70.0,9231.6,0.07711816833072697,Core DMS (ND200),ndMAX Enterprise (AI300),Craig Hirsty,Ari Adams,2029-07-01,Worldox,Pending,NetDocuments,2029-07-01,51602.4,90.0,False,False
Pender & Coward PC,Pender & Coward PC AI PS Onboarding,Stephanie Klahre,00:00.0,00:00.0,00:00.0,,On Hold,ON_HOLD,Amber,4/03/26 - No change since last update. Client paused due to CEO taking leave for family matter. David Kero continuing Guardianship Form Generator work. - SK,"Closing (Handing Off), Initiating, Building an App, Going Live, Deploying Studio Apps, Providing Hypercare",Adam Scott,Jen Cass,"ndMAX App Builder Enterprise, TOP 10, LC: Stephanie Klahre, ADE: Adam Scott",,58800,https://netdocumentsps.guidecx.com/app/projects/5b96e9c1-44cd-4995-b601-c2c5eca53198/plan,https://netdocuments.lightning.force.com/lightning/r/Account/0013000000zpQdhAAE/view,52:33.0,56:26.0,295405.0,Project Complete,4/29/2022 2:31 PM,12/16/2022,6/23/2023,All Covered,Large-Market,NORAM,United States,Legal,Law Firms & Legal Services,93.0,128328.84,55788.84,93.0,128328.84,1.0,Legacy bundle,ndMAX Enterprise (AI300),Broc Ellerman,Kevin Schutte,2026-12-01,Worldox,Active,NetDocuments,2026-12-01,55788.84,93.0,False,True
Jackson McDonald,Jackson McDonald AI PS Onboarding,Staci VanderPol,00:00.0,,00:00.0,,On Time,IN_PROGRESS,Green,,"3 - Building Solutions (SGP), 4 - Training (SGP), 1 - Initiating (BSG), Project Plan, 2 - Deploying Assistant & Apps (S), 5 - Hypercare & Closing",Brandon Hill,,"ADE: Brandon Hill, ndMAX App Builder Enterprise, LC: Staci VanderPol",,69436,https://netdocumentsps.guidecx.com/app/projects/c0383f9a-e939-44bc-ac05-b19a4d5302d5/plan,https://netdocuments.lightning.force.com/lightning/r/Account/0014Q00002ZJXtiQAH/view,17:24.0,13:16.0,333293.0,Project Complete,12/30/2022 12:56 PM,7/17/2023,7/21/2023,Verlata Consulting,Strategic,APAC,Australia,Legal,Law Firms & Legal Services,166.0,178389.96999999994,75809.02,166.0,178389.96999999994,1.0,Core DMS (ND200),ndMAX Enterprise (AI300),Azan Iwasaki,Martin Horton,2026-07-01,iManage On-Prem,Active,NetDocuments,2026-07-01,75809.02,166.0,False,False
Helix Legal,Helix Legal AI PS Onboarding,Christopher Snead,00:00.0,00:00.0,00:00.0,,Late,LATE,Green,AM conducted Studio Apps training ~late Feb. Client reviewing apps and expected to follow up with feedback or change requests. AM following up. PM monitoring.,"Building Solutions, Closing (Handing Off), Going Live, Providing Hypercare, Deploying Studio Apps, Initiating",Andrew Mecham,,"LC: Christopher Snead, ADE: Andrew Mecham, ndMAX App Builder Enterprise",,13520,https://netdocumentsps.guidecx.com/app/projects/06c5f785-5085-43a6-b426-86ee44acca9f/plan,https://netdocuments.lightning.force.com/lightning/r/Account/0010c00002CnBcRAAV/view,51:13.0,00:35.0,16224.0,Project Complete,9/27/2019 12:50 AM,11/8/2019,,Verlata Consulting,Small-Market,APAC,Australia,Legal,Law Firms & Legal Services,21.0,28175.74,10074.630000000001,21.0,28175.74,1.0,[DM standalone],ndMAX Enterprise (AI300),Matt Rupp,Ari Adams,2026-12-02,ActionStep,Active,NetDocuments,2026-12-02,10074.630000000001,21.0,False,False
Advokatbyran Kaiding,Advokatbyran Kaiding AI PS Onboarding,Stephanie Klahre,00:00.0,,,,On Time,IN_PROGRESS,Green,4/03/26 - Adam Scott coordinating admin access with Norteam ahead of April 7 DM launch. Andreas confirmed admin rights. - SK,Project Plan,Adam Scott,,"LC: Stephanie Klahre, ADE: Adam Scott",,26000,https://netdocumentsps.guidecx.com/app/projects/016b9734-84f7-4d9a-be21-0c77530f3df0/plan,https://netdocuments.lightning.force.com/lightning/r/Account/001Qj00000AJxQzIAL/view,53:31.0,42:06.0,579401.0,SOW Pending,12/18/2025 12:53 PM,,,Norteam,Mid-Market,EMEA,Sweden,Legal,[No data],63.0,56056.92,26720.660000000003,1.0,,0.0,Starter DMS (ND100),ndMAX Enterprise (AI300),Oliver Matthews,[No data],2028-12-19,iManage On-Prem,Pending,NetDocuments,2028-12-19,25448.270000000004,60.0,False,True
"Naman, Howell, Smith & Lee","Naman, Howell, Smith & Lee AI PS Onboarding",Christopher Snead,00:00.0,,00:00.0,,On Time,IN_PROGRESS,Amber,4/3/26 - Sales handoff held and reached out to begin implementation and schedule intro & planning meeting.,Enterprise ndMAX Implementation,Emilio Campos,,"LC: Christopher Snead, ADE: Emilio Campos",,105000,https://netdocumentsps.guidecx.com/app/projects/9d667bf0-8ee1-429a-bdf3-c1569e8c4b73/plan,https://netdocuments.lightning.force.com/lightning/r/Account/001a000001U91R4AAJ/view,19:13.0,11:43.0,18217.0,Project Complete,9/28/2021 1:39 PM,3/25/2022,1/15/2025,Element Technologies LLC,Strategic,NORAM,United States,Legal,Law Firms & Legal Services,250.0,275340.0,105000.0,230.0,156702.00000000003,0.5691218130311616,Core DMS (ND200),ndMAX Enterprise (AI300),Ryan Tanner,Bobby Tindel,2027-04-01,PerfectLaw,Active,NetDocuments,,,,False,True
Hammad & Al-Mehdar Law Firm,Hammad & Al-Mehdar Law Firm AI PS Onboarding,Stephanie Klahre,00:00.0,,,,On Time,IN_PROGRESS,Green,"4/03/26 - Adam working on Playbook Gen and Contract Risk Analysis customization. Client has 4 PS hours remaining, scope constrained. Awaiting client decision on priorities. - SK",Project Plan,Adam Scott,,"ADE: Adam Scott, No LC - PM Only",,19830,https://netdocumentsps.guidecx.com/app/projects/c1589ab5-cb4a-4bc2-a410-d91979829bae/plan,https://netdocuments.lightning.force.com/lightning/r/Account/0014Q00002YwoFNQAZ/view,16:27.0,29:16.0,460566.0,Project Complete,6/6/2024 10:20 AM,11/24/2024,11/24/2024,Peregrine Cloud Ltd,Mid-Market,EMEA,Saudi Arabia,Legal,Law Firms & Legal Services,37.0,49874.92,19343.7,37.0,49874.92,1.0,Legacy bundle,ndMAX Enterprise (AI300),Ben Edwards,Margo Harris,2026-10-01,"OpenText (eDocs, Hummingbird, DM DocsOpen)",Active,NetDocuments,2026-10-01,18820.89,36.0,False,False
Quinz,Quinz AI PS Onboarding,Amir Mustafa,00:00.0,,,,On Time,IN_PROGRESS,Red,Project Unassigned - TBD,Project Plan,,,Unassigned,,30824,https://netdocumentsps.guidecx.com/app/projects/c3ca8c29-87fb-49d6-af9d-22101fd149f3/plan,https://netdocuments.lightning.force.com/lightning/r/Account/0014Q00002KyOhEQAV/view,19:56.0,32:34.0,579271.0,SOW Pending,12/17/2025 7:19 PM,,,Harbor (formerly Encoretech Inc.),Mid-Market,EMEA,Belgium,Legal,Law Firms & Legal Services,60.0,66140.69,30165.52,1.0,,0.0,Starter DMS (ND100),ndMAX Enterprise (AI300),Callum Chada,[No data],2028-12-01,iManage Cloud,Pending,NetDocuments,2028-12-01,30165.52,60.0,False,False
Lavan,Lavan AI PS Onboarding,Staci VanderPol,00:00.0,00:00.0,00:00.0,,On Time,IN_PROGRESS,Green,,"1 - Initiating (BSG), 3 - Building Solutions (SGP), 2 - Deploying Assistant & Apps (GP), Closing (Handing Off), 5 - Hypercare & Closing, 4 - Training (B)",Nikki Patel,,"ADE: Nikki Patel, LC: Staci VanderPol",,97610,https://netdocumentsps.guidecx.com/app/projects/8ef44dc5-9f33-44c3-ab09-51fc84f106b7/plan,https://netdocuments.lightning.force.com/lightning/r/Account/001a000001HY9fOAAT/view,22:43.0,15:16.0,,,,,,,Strategic,APAC,Australia,Legal,Law Firms & Legal Services,234.0,233820.74,104553.2,234.0,113176.34,0.4840303730113933,Core DMS (ND200),ndMAX Enterprise (AI300),Azan Iwasaki,Martin Horton,2028-05-08,Other,Pending,NetDocuments,,,,False,False
Horizon Elder Law & Estate Planning,Horizon Elder Law & Estate Planning AI PS Onboarding,Amir Mustafa,00:00.0,,,,On Time,IN_PROGRESS,Green,,Project Plan,,,Unassigned,,2558,https://netdocumentsps.guidecx.com/app/projects/9a2ec680-80f4-4079-9cd3-fa33cb464703/plan,https://netdocuments.lightning.force.com/lightning/r/Account/0014Q00002KyqMiQAJ/view,29:36.0,08:35.0,17549.0,Project Complete,2/26/2021 3:16 PM,7/15/2021,,Mkenga Na Namwaka Incorporated,Small-Market,NORAM,United States,Legal,Law Firms & Legal Services,5.0,7928.4,1827.6,5.0,7928.4,1.0,Legacy bundle,[No AI products owned],Kirk Smith,Ari Adams,2027-03-23,Clio,Active,NetDocuments,,,,False,False
Wattap Services Pty Ltd,Wattap Services Pty Ltd AIPS Onboarding,Amir Mustafa,00:00.0,,,,On Time,IN_PROGRESS,Red,Project Unassigned - TBD,Project Plan,,,Unassigned,,21117,https://netdocumentsps.guidecx.com/app/projects/3776026c-5aa1-48b5-8c82-3dbb1d99ceed/plan,https://netdocuments.lightning.force.com/lightning/r/Account/001Dm0000037p5oIAA/view,55:16.0,58:44.0,556608.0,Design and Build,9/10/2025 1:56 PM,4/30/2026,,Matrix Solutions Pty Ltd.,Mid-Market,APAC,Australia,Legal,[No data],37.0,44718.03,21116.760000000002,37.0,47563.47,1.063630710029042,Core DMS (ND200),ndMAX Enterprise (AI300),Christina Murphy,Kaytlin Ochs,2027-12-01,Worldox,Active,NetDocuments,2027-12-01,21116.76,37.0,False,False
